"座","樓層","單位","實用面積(呎)","售價","呎價"
"匯熙苑 A座",15,"1",384,2890100,7526
"匯熙苑 A座",8,"1",384,2816400,7334
"匯熙苑 A座",14,"2",443,3440200,7766
"匯熙苑 A座",9,"2",443,3379600,7629
"匯熙苑 A座",4,"2",443,3310600,7473
"匯熙苑 A座",14,"3",381,2932200,7696
"匯熙苑 A座",7,"3",381,2856500,7497
"匯熙苑 A座",13,"4",384,2939900,7656
"匯熙苑 A座",6,"4",384,2861400,7452
"匯熙苑 A座",15,"5",291,2110100,7251
"匯熙苑 A座",8,"5",291,2054300,7059
"匯熙苑 A座",14,"6",281,2032900,7235
"匯熙苑 A座",7,"6",281,1977100,7036
"匯熙苑 A座",13,"7",285,2055300,7212
"匯熙苑 A座",6,"7",285,1996600,7006
"匯熙苑 A座",12,"8",285,2092500,7342
"匯熙苑 A座",5,"8",285,2032000,7130
"匯熙苑 A座",11,"9",281,2055500,7315
"匯熙苑 A座",4,"9",281,1994600,7098
"匯熙苑 A座",15,"10",291,2239900,7697
"匯熙苑 A座",8,"10",291,2180500,7493
"匯熙苑 A座",3,"10",291,2079600,7146
"匯熙苑 A座",12,"11",384,2945100,7670
"匯熙苑 A座",5,"11",384,2845000,7409
"匯熙苑 A座",11,"12",381,2901500,7615
"匯熙苑 A座",4,"12",381,2790200,7323
"匯熙苑 A座",15,"13",443,3448500,7784
"匯熙苑 A座",10,"13",443,3390700,7654
"匯熙苑 A座",5,"13",443,3299700,7449
"匯熙苑 A座",10,"14",384,2905000,7565
"匯熙苑 A座",3,"14",384,2742800,7143
"匯熙苑 A座",15,"15",384,2828100,7365
"匯熙苑 A座",8,"15",384,2754400,7173
"匯熙苑 A座",14,"16",375,2768500,7383
"匯熙苑 A座",7,"16",375,2694200,7185
"匯熙苑 A座",14,"17",281,2067700,7358
"匯熙苑 A座",7,"17",281,2011900,7160
"匯熙苑 A座",13,"18",291,2130000,7320
"匯熙苑 A座",6,"18",291,2070600,7115
"匯熙苑 A座",12,"19",293,2091300,7138
"匯熙苑 A座",5,"19",293,2029400,6926
"匯熙苑 A座",11,"20",296,2107100,7119
"匯熙苑 A座",4,"20",296,2042700,6901
"匯熙苑 A座",13,"21",382,2779400,7276
"匯熙苑 A座",6,"21",382,2700900,7070
"匯熙苑 A座",12,"22",384,2759100,7185
"匯熙苑 A座",5,"22",384,2678200,6974
"匯熙苑 A座",14,"23",448,3209500,7164
"匯熙苑 A座",9,"23",448,3148400,7028
"匯熙苑 A座",4,"23",448,3078900,6873
"匯熙苑 A座",15,"24",380,2733200,7193
"匯熙苑 A座",8,"24",380,2660200,7001
"匯熙苑 A座",14,"25",380,2727800,7178
"匯熙苑 A座",7,"25",380,2652400,6980
"匯熙苑 A座",13,"26",389,2775600,7135
"匯熙苑 A座",6,"26",389,2695900,6930
"匯熙苑 A座",15,"27",447,3357200,7511
"匯熙苑 A座",10,"27",447,3298900,7380
"匯熙苑 A座",5,"27",447,3229400,7225
"匯熙苑 A座",12,"28",384,2812500,7324
"匯熙苑 A座",5,"28",384,2731600,7114
"匯熙苑 A座",11,"29",384,2801000,7294
"匯熙苑 A座",4,"29",384,2717700,7077
"匯熙苑 A座",10,"30",384,2766300,7204
"匯熙苑 A座",3,"30",384,2642400,6881
"匯熙苑 B座",14,"1",292,2141600,7334
"匯熙苑 B座",8,"1",292,2092700,7167
"匯熙苑 B座",15,"2",449,3350800,7463
"匯熙苑 B座",10,"2",449,3292500,7333
"匯熙苑 B座",5,"2",449,3223000,7178
"匯熙苑 B座",14,"3",384,2842400,7402
"匯熙苑 B座",6,"3",384,2754400,7173
"匯熙苑 B座",15,"4",384,2849500,7421
"匯熙苑 B座",7,"4",384,2763900,7198
"匯熙苑 B座",14,"5",384,2837700,7390
"匯熙苑 B座",6,"5",384,2749700,7161
"匯熙苑 B座",14,"6",443,3291600,7430
"匯熙苑 B座",9,"6",443,3231000,7293
"匯熙苑 B座",4,"6",443,3162000,7138
"匯熙苑 B座",11,"7",287,2084900,7264
"匯熙苑 B座",5,"7",287,2031500,7078
"匯熙苑 B座",10,"8",291,2115600,7270
"匯熙苑 B座",4,"8",291,2061600,7085
"匯熙苑 B座",9,"9",291,2017400,6933
"匯熙苑 B座",3,"9",291,1929100,6629
"匯熙苑 B座",8,"10",291,2006400,6895
"匯熙苑 B座",2,"10",291,1804400,6201
"匯熙苑 B座",15,"11",384,2740900,7138
"匯熙苑 B座",7,"11",384,2655300,6915
"匯熙苑 B座",14,"12",375,2663900,7104
"匯熙苑 B座",6,"12",375,2578000,6875
"匯熙苑 B座",13,"13",375,2657000,7085
"匯熙苑 B座",5,"13",375,2568800,6850
"匯熙苑 B座",12,"14",384,2701800,7036
"匯熙苑 B座",4,"14",384,2609000,6794
"匯熙苑 B座",11,"15",379,2651100,6995
"匯熙苑 B座",3,"15",379,2540300,6703
"匯熙苑 B座",15,"16",379,2686700,7089
"匯熙苑 B座",7,"16",379,2601900,6865
"匯熙苑 B座",9,"17",285,1982600,6956
"匯熙苑 B座",3,"17",285,1916900,6726
"匯熙苑 B座",15,"18",281,2015500,7173
"匯熙苑 B座",9,"18",281,1970100,7011
"匯熙苑 B座",3,"18",281,1905700,6782
"匯熙苑 B座",14,"19",385,2738300,7112
"匯熙苑 B座",6,"19",385,2649500,6882
"匯熙苑 B座",13,"20",384,2719900,7083
"匯熙苑 B座",5,"20",384,2629500,6848
"匯熙苑 B座",12,"21",384,2699400,7030
"匯熙苑 B座",4,"21",384,2606600,6788
"匯熙苑 B座",13,"22",448,3337400,7450
"匯熙苑 B座",8,"22",448,3273500,7307
"匯熙苑 B座",3,"22",448,3184600,7108
"匯熙苑 B座",15,"23",443,3330100,7517
"匯熙苑 B座",10,"23",443,3272300,7387
"匯熙苑 B座",5,"23",443,3203300,7231
"匯熙苑 B座",11,"24",385,2795600,7261
"匯熙苑 B座",3,"24",385,2682900,6969
"匯熙苑 B座",14,"25",448,3240100,7232
"匯熙苑 B座",9,"25",448,3179000,7096
"匯熙苑 B座",4,"25",448,3109500,6941
"匯熙苑 B座",15,"26",381,2766700,7262
"匯熙苑 B座",7,"26",381,2681500,7038
"匯熙苑 B座",13,"27",443,3225600,7281
"匯熙苑 B座",8,"27",443,3162200,7138
"匯熙苑 B座",3,"27",443,3074000,6939
"匯熙苑 B座",14,"28",375,2722100,7259
"匯熙苑 B座",6,"28",375,2636200,7030
"匯熙苑 B座",14,"29",286,2070100,7238
"匯熙苑 B座",8,"29",286,2022100,7070
"匯熙苑 B座",13,"30",286,2107400,7369
"匯熙苑 B座",7,"30",286,2057600,7194
"匯熙苑 B座",13,"31",375,2770900,7389
"匯熙苑 B座",5,"31",375,2682700,7154
"匯熙苑 B座",12,"32",384,2831600,7374
"匯熙苑 B座",4,"32",384,2738800,7132
"匯熙苑 B座",11,"33",384,2820100,7344
"匯熙苑 B座",3,"33",384,2684300,6990
"匯熙苑 B座",15,"34",384,2837600,7390
"匯熙苑 B座",7,"34",384,2752000,7167
"裕豐苑 A座",14,"1",384,2292000,5969
"裕豐苑 A座",12,"2",381,2298500,6033
"裕豐苑 A座",11,"3",459,2783000,6063
"裕豐苑 A座",9,"4",479,2889600,6033
"裕豐苑 A座",7,"5",479,3001900,6267
"裕豐苑 A座",10,"6",384,2410300,6277
"裕豐苑 A座",8,"7",384,2394300,6235
"裕豐苑 A座",5,"8",494,3037100,6148
"裕豐苑 A座",6,"9",392,2347300,5988
"裕豐苑 A座",4,"10",386,2268500,5877
"裕豐苑 A座",13,"11",485,3130800,6455
"裕豐苑 A座",3,"11",481,2915200,6061
"裕豐苑 A座",14,"12",391,2479300,6341
"裕豐苑 B座",37,"1",385,2454800,6376
"裕豐苑 B座",26,"1",385,2402800,6241
"裕豐苑 B座",15,"1",385,2326800,6044
"裕豐苑 B座",37,"2",282,1793700,6361
"裕豐苑 B座",19,"2",282,1723500,6112
"裕豐苑 B座",33,"3",376,2397400,6376
"裕豐苑 B座",11,"3",376,2256500,6001
"裕豐苑 B座",37,"4",489,3169400,6481
"裕豐苑 B座",25,"4",489,3095700,6331
"裕豐苑 B座",13,"4",489,2986300,6107
"裕豐苑 B座",35,"5",484,3152200,6513
"裕豐苑 B座",23,"5",484,3073500,6350
"裕豐苑 B座",11,"5",484,2959800,6115
"裕豐苑 B座",33,"6",484,3336400,6893
"裕豐苑 B座",21,"6",484,3247700,6710
"裕豐苑 B座",9,"6",484,2997600,6193
"裕豐苑 B座",35,"7",391,2686900,6872
"裕豐苑 B座",24,"7",391,2617800,6695
"裕豐苑 B座",13,"7",391,2393800,6122
"裕豐苑 B座",30,"8",376,2552300,6788
"裕豐苑 B座",8,"8",376,2256500,6001
"裕豐苑 B座",29,"9",282,1896900,6727
"裕豐苑 B座",11,"9",282,1701200,6033
"裕豐苑 B座",33,"10",386,2631300,6817
"裕豐苑 B座",22,"10",386,2538900,6577
"裕豐苑 B座",11,"10",386,2341000,6065
"裕豐苑 B座",31,"11",492,3303600,6715
"裕豐苑 B座",19,"11",492,3211200,6527
"裕豐苑 B座",7,"11",492,3077600,6255
"裕豐苑 B座",36,"12",485,3394300,6999
"裕豐苑 B座",24,"12",485,3186500,6570
"裕豐苑 B座",12,"12",481,2950300,6134
"裕豐苑 B座",27,"13",390,2626800,6735
"裕豐苑 B座",5,"13",386,2254600,5841
"裕豐苑 B座",31,"14",390,2626800,6735
"裕豐苑 B座",20,"14",390,2377000,6095
"裕豐苑 B座",9,"14",386,2264700,5867
"裕豐苑 B座",25,"15",390,2555700,6553
"裕豐苑 B座",3,"15",386,2226300,5768
"裕豐苑 B座",33,"16",390,2596500,6658
"裕豐苑 B座",22,"16",390,2535400,6501
"裕豐苑 B座",11,"16",390,2450300,6283
"裕豐苑 B座",36,"17",391,2579100,6596
"裕豐苑 B座",25,"17",391,2524000,6455
"裕豐苑 B座",14,"17",391,2444900,6253
"裕豐苑 C座",37,"1",386,2615100,6775
"裕豐苑 C座",24,"1",386,2397700,6212
"裕豐苑 C座",11,"1",386,2300800,5961
"裕豐苑 C座",20,"2",282,1726400,6122
"裕豐苑 C座",2,"2",282,1512800,5365
"裕豐苑 C座",30,"3",376,2377900,6324
"裕豐苑 C座",17,"3",376,2295500,6105
"裕豐苑 C座",35,"4",388,2552000,6577
"裕豐苑 C座",22,"4",388,2404300,6197
"裕豐苑 C座",9,"4",388,2299000,5925
"裕豐苑 C座",37,"5",464,3144900,6778
"裕豐苑 C座",26,"5",464,2924600,6303
"裕豐苑 C座",15,"5",464,2832300,6104
"裕豐苑 C座",4,"5",464,2704000,5828
"裕豐苑 C座",27,"6",295,1859200,6302
"裕豐苑 C座",9,"6",295,1755800,5952
"裕豐苑 C座",25,"7",389,2536500,6521
"裕豐苑 C座",12,"7",389,2441200,6276
"裕豐苑 C座",33,"8",391,2536200,6486
"裕豐苑 C座",20,"8",391,2462900,6299
"裕豐苑 C座",7,"8",391,2349200,6008
"裕豐苑 C座",21,"9",391,2460900,6294
"裕豐苑 C座",8,"9",391,2351300,6014
"裕豐苑 C座",31,"10",376,2419000,6434
"裕豐苑 C座",18,"10",376,2340500,6225
"裕豐苑 C座",5,"10",376,2227100,5923
"裕豐苑 C座",38,"11",282,1818700,6449
"裕豐苑 C座",20,"11",282,1751500,6211
"裕豐苑 C座",30,"12",386,2464000,6383
"裕豐苑 C座",17,"12",386,2379700,6165
"裕豐苑 C座",5,"12",386,2270500,5882
"裕豐苑 C座",29,"13",391,2548400,6518
"裕豐苑 C座",16,"13",391,2461100,6294
"裕豐苑 C座",4,"13",391,2345100,5998
"裕豐苑 C座",35,"14",390,2604700,6679
"裕豐苑 C座",22,"14",390,2535400,6501
"裕豐苑 C座",9,"14",390,2429900,6231
"裕豐苑 C座",38,"15",390,2692000,6903
"裕豐苑 C座",25,"15",390,2555600,6553
"裕豐苑 C座",12,"15",390,2348700,6022
"裕豐苑 C座",32,"16",390,2630900,6746
"裕豐苑 C座",19,"16",390,2368900,6074
"裕豐苑 C座",6,"16",386,2234500,5789
"裕豐苑 C座",27,"17",390,2620600,6719
"裕豐苑 C座",14,"17",390,2352700,6033
"裕豐苑 C座",27,"18",485,3305400,6815
"裕豐苑 C座",15,"18",485,2981600,6148
"裕豐苑 C座",22,"19",492,3190800,6485
"裕豐苑 C座",10,"19",492,3069900,6240
"裕豐苑 D座",28,"1",287,1808700,6302
"裕豐苑 D座",20,"2",283,1755000,6201
"裕豐苑 D座",26,"3",381,2417800,6346
"裕豐苑 D座",12,"3",381,2318600,6086
"裕豐苑 D座",24,"4",395,2494200,6314
"裕豐苑 D座",10,"4",395,2385300,6039
"裕豐苑 D座",22,"5",395,2492100,6309
"裕豐苑 D座",8,"5",395,2375000,6013
"裕豐苑 D座",28,"6",499,3348600,6711
"裕豐苑 D座",18,"6",499,3161400,6335
"裕豐苑 D座",8,"6",494,3016600,6106
"裕豐苑 D座",24,"7",499,3275800,6565
"裕豐苑 D座",14,"7",494,3101600,6279
"裕豐苑 D座",21,"8",474,3007700,6345
"裕豐苑 D座",11,"8",469,2884800,6151
"裕豐苑 D座",20,"9",392,2451500,6254
"裕豐苑 D座",6,"9",389,2307700,5932
"裕豐苑 D座",18,"10",381,2362100,6200
"裕豐苑 D座",4,"10",378,2218400,5869
"裕豐苑 D座",12,"11",281,1691800,6021
"裕豐苑 D座",24,"12",291,1809200,6217
"裕豐苑 D座",4,"12",288,1671100,5802
"裕豐苑 D座",28,"13",292,1948400,6673
"裕豐苑 D座",20,"14",287,1835700,6396
"裕豐苑 D座",12,"15",287,1775700,6187
"裕豐苑 D座",15,"16",391,2434600,6227
"裕豐苑 D座",3,"16",391,2296200,5873
"裕豐苑 D座",18,"17",479,3076900,6424
"裕豐苑 D座",8,"17",479,2969400,6199
"裕豐苑 D座",15,"18",480,2936100,6117
"裕豐苑 D座",5,"18",480,2821100,5877
"裕豐苑 D座",24,"19",287,1790700,6239
"裕豐苑 D座",4,"19",287,1622700,5654
"朗風苑 A座",38,"1",392,2502200,6383
"朗風苑 A座",23,"1",392,2426700,6191
"朗風苑 A座",8,"1",392,2304000,5878
"朗風苑 A座",31,"2",388,2473000,6374
"朗風苑 A座",16,"2",388,2375600,6123
"朗風苑 A座",38,"3",496,3215800,6483
"朗風苑 A座",25,"3",496,3135200,6321
"朗風苑 A座",12,"3",496,3013800,6076
"朗風苑 A座",34,"4",496,3339800,6733
"朗風苑 A座",21,"4",496,3248800,6550
"朗風苑 A座",8,"4",496,3109600,6269
"朗風苑 A座",37,"5",496,3295900,6645
"朗風苑 A座",28,"5",496,3243900,6540
"朗風苑 A座",19,"5",496,3171200,6394
"朗風苑 A座",10,"5",496,3075900,6201
"朗風苑 A座",30,"6",392,2555200,6518
"朗風苑 A座",15,"6",392,2453200,6258
"朗風苑 A座",36,"7",388,2567700,6618
"朗風苑 A座",21,"7",388,2488800,6414
"朗風苑 A座",6,"7",388,2359300,6081
"朗風苑 A座",29,"8",388,2543700,6556
"朗風苑 A座",14,"8",388,2440200,6289
"朗風苑 A座",39,"9",294,1930500,6566
"朗風苑 A座",35,"9",294,1936500,6587
"朗風苑 A座",31,"9",294,1924100,6545
"朗風苑 A座",27,"9",294,1907200,6487
"朗風苑 A座",23,"9",294,1888800,6424
"朗風苑 A座",19,"9",294,1868900,6357
"朗風苑 A座",15,"9",294,1844500,6274
"朗風苑 A座",11,"9",294,1820100,6191
"朗風苑 A座",7,"9",294,1789300,6086
"朗風苑 A座",3,"9",294,1740200,5919
"朗風苑 A座",28,"10",400,2580000,6450
"朗風苑 A座",13,"10",400,2467400,6169
"朗風苑 A座",34,"11",388,2557700,6592
"朗風苑 A座",19,"11",388,2462500,6347
"朗風苑 A座",4,"11",388,2319000,5977
"朗風苑 A座",27,"12",392,2526700,6446
"朗風苑 A座",13,"12",392,2416400,6164
"朗風苑 B座",39,"1",396,2616300,6607
"朗風苑 B座",21,"1",396,2523600,6373
"朗風苑 B座",4,"1",396,2364400,5971
"朗風苑 B座",30,"2",400,2657400,6644
"朗風苑 B座",12,"2",400,2528000,6320
"朗風苑 B座",20,"3",400,2621500,6554
"朗風苑 B座",10,"3",400,2536400,6341
"朗風苑 B座",15,"4",396,2504900,6326
"朗風苑 B座",5,"4",396,2399500,6059
"朗風苑 B座",39,"5",492,3274800,6656
"朗風苑 B座",28,"5",492,3213500,6532
"朗風苑 B座",17,"5",492,3121000,6343
"朗風苑 B座",6,"5",492,2990000,6077
"朗風苑 B座",36,"6",398,2645200,6646
"朗風苑 B座",18,"6",398,2541400,6385
"朗風苑 B座",33,"7",406,2671800,6581
"朗風苑 B座",15,"7",401,2553600,6368
"朗風苑 B座",22,"8",507,3317000,6542
"朗風苑 B座",10,"8",507,3200600,6313
"朗風苑 B座",16,"9",507,3132000,6178
"朗風苑 B座",4,"9",507,2981400,5880
"朗風苑 B座",30,"10",399,2512700,6297
"朗風苑 B座",12,"10",396,2382800,6017
"朗風苑 B座",27,"11",400,2500700,6252
"朗風苑 B座",9,"11",400,2361100,5903
"朗風苑 B座",38,"12",492,3138900,6380
"朗風苑 B座",24,"12",492,3051900,6203
"朗風苑 B座",10,"12",492,2915600,5926
"朗風苑 B座",37,"13",494,3165600,6408
"朗風苑 B座",23,"13",494,3075300,6225
"朗風苑 B座",9,"13",494,2933700,5939
"朗風苑 B座",36,"14",496,3158800,6369
"朗風苑 B座",22,"14",496,3065200,6180
"朗風苑 B座",8,"14",496,2918200,5883
"朗風苑 B座",35,"15",496,3264800,6582
"朗風苑 B座",21,"15",496,3168600,6388
"朗風苑 B座",7,"15",496,3016500,6082
"朗風苑 B座",24,"16",392,2483800,6336
"朗風苑 B座",6,"16",392,2334600,5956
"朗風苑 C座",39,"1",494,3320300,6721
"朗風苑 C座",27,"1",494,3250400,6580
"朗風苑 C座",15,"1",494,3145000,6366
"朗風苑 C座",4,"1",494,2923500,5918
"朗風苑 C座",38,"2",400,2682600,6707
"朗風苑 C座",25,"2",400,2617500,6544
"朗風苑 C座",12,"2",400,2519600,6299
"朗風苑 C座",13,"3",400,2490400,6226
"朗風苑 C座",18,"4",494,3150100,6377
"朗風苑 C座",5,"4",494,2980000,6032
"朗風苑 C座",14,"5",407,2591900,6368
"朗風苑 C座",34,"6",400,2676200,6691
"朗風苑 C座",21,"6",400,2602700,6507
"朗風苑 C座",8,"6",400,2490500,6226
"朗風苑 C座",37,"7",496,3306300,6666
"朗風苑 C座",24,"7",496,3223100,6498
"朗風苑 C座",11,"7",496,3099200,6248
"朗風苑 C座",35,"8",496,3213100,6478
"朗風苑 C座",22,"8",496,3124700,6300
"朗風苑 C座",9,"8",496,2990600,6029
"朗風苑 C座",33,"9",501,3261300,6510
"朗風苑 C座",20,"9",501,3167700,6323
"朗風苑 C座",7,"9",501,3022100,6032
"朗風苑 C座",31,"10",501,3277000,6541
"朗風苑 C座",18,"10",501,3173000,6333
"朗風苑 C座",5,"10",501,2996000,5980
"朗風苑 C座",30,"11",396,2542300,6420
"朗風苑 C座",4,"11",396,2281700,5762
"朗風苑 D座",38,"1",396,2523400,6372
"朗風苑 D座",20,"1",396,2428600,6133
"朗風苑 D座",39,"2",496,3252000,6556
"朗風苑 D座",26,"2",496,3174000,6399
"朗風苑 D座",13,"2",496,3055100,6159
"朗風苑 D座",38,"3",496,3381300,6817
"朗風苑 D座",24,"3",496,3292900,6639
"朗風苑 D座",10,"3",496,3156100,6363
"朗風苑 D座",39,"4",396,2655600,6706
"朗風苑 D座",21,"4",396,2562900,6472
"朗風苑 D座",4,"4",396,2374600,5996
"朗風苑 D座",37,"5",394,2641300,6704
"朗風苑 D座",19,"5",394,2542400,6453
"朗風苑 D座",35,"6",394,2620900,6652
"朗風苑 D座",17,"6",390,2515000,6449
"朗風苑 D座",31,"7",404,2676400,6625
"朗風苑 D座",13,"7",404,2550400,6313
"朗風苑 D座",29,"8",394,2503800,6355
"朗風苑 D座",11,"8",394,2374200,6026
"朗風苑 D座",27,"9",390,2457900,6302
"朗風苑 D座",9,"9",390,2321900,5954
"朗風苑 D座",33,"10",497,3176100,6391
"朗風苑 D座",20,"10",497,3069600,6176
"朗風苑 D座",7,"10",497,2924000,5883
"朗風苑 D座",30,"11",504,3264300,6477
"朗風苑 D座",17,"11",499,3153100,6319
"朗風苑 D座",4,"11",499,2958100,5928
"朗風苑 D座",24,"12",404,2592400,6417
"朗風苑 D座",6,"12",404,2432800,6022
"朗風苑 D座",22,"13",404,2615600,6474
"朗風苑 D座",4,"13",404,2380200,5892
"朗風苑 D座",39,"14",395,2625600,6647
"朗風苑 D座",21,"14",395,2532900,6412
"朗風苑 D座",5,"14",395,2349900,5949
"啟陽苑 A座",38,"1",482,4638100,9623
"啟陽苑 A座",36,"1",482,4623700,9593
"啟陽苑 A座",34,"1",482,4609300,9563
"啟陽苑 A座",32,"1",482,4594900,9533
"啟陽苑 A座",30,"1",482,4580500,9503
"啟陽苑 A座",28,"1",482,4558900,9458
"啟陽苑 A座",26,"1",482,4537300,9413
"啟陽苑 A座",24,"1",482,4515700,9369
"啟陽苑 A座",22,"1",482,4494100,9324
"啟陽苑 A座",20,"1",482,4472500,9279
"啟陽苑 A座",18,"1",482,4443700,9219
"啟陽苑 A座",16,"1",482,4414900,9160
"啟陽苑 A座",14,"1",482,4386100,9100
"啟陽苑 A座",12,"1",482,4357300,9040
"啟陽苑 A座",10,"1",482,4324900,8973
"啟陽苑 A座",7,"1",482,4270900,8861
"啟陽苑 A座",4,"1",482,4216900,8749
"啟陽苑 A座",39,"2",468,4528300,9676
"啟陽苑 A座",37,"2",468,4500300,9616
"啟陽苑 A座",35,"2",468,4486300,9586
"啟陽苑 A座",33,"2",468,4472300,9556
"啟陽苑 A座",31,"2",468,4458300,9526
"啟陽苑 A座",29,"2",468,4440800,9489
"啟陽苑 A座",27,"2",468,4419800,9444
"啟陽苑 A座",25,"2",468,4398800,9399
"啟陽苑 A座",23,"2",468,4377800,9354
"啟陽苑 A座",21,"2",468,4356800,9309
"啟陽苑 A座",19,"2",468,4332300,9257
"啟陽苑 A座",17,"2",468,4304300,9197
"啟陽苑 A座",15,"2",468,4276300,9137
"啟陽苑 A座",13,"2",468,4248300,9078
"啟陽苑 A座",11,"2",468,4220300,9018
"啟陽苑 A座",9,"2",468,4185300,8943
"啟陽苑 A座",6,"2",468,4132800,8831
"啟陽苑 A座",3,"2",468,4024300,8599
"啟陽苑 A座",38,"3",488,4755700,9745
"啟陽苑 A座",36,"3",488,4741100,9715
"啟陽苑 A座",34,"3",488,4726500,9685
"啟陽苑 A座",32,"3",488,4711900,9656
"啟陽苑 A座",30,"3",488,4697300,9626
"啟陽苑 A座",28,"3",488,4675500,9581
"啟陽苑 A座",26,"3",488,4653700,9536
"啟陽苑 A座",24,"3",488,4631900,9492
"啟陽苑 A座",22,"3",488,4610100,9447
"啟陽苑 A座",20,"3",488,4588300,9402
"啟陽苑 A座",18,"3",488,4559100,9342
"啟陽苑 A座",16,"3",488,4529900,9283
"啟陽苑 A座",14,"3",488,4500700,9223
"啟陽苑 A座",12,"3",488,4471500,9163
"啟陽苑 A座",10,"3",488,4438700,9096
"啟陽苑 A座",8,"3",488,4402300,9021
"啟陽苑 A座",5,"3",488,4347700,8909
"啟陽苑 A座",2,"3",488,4212800,8633
"啟陽苑 A座",39,"4",381,3688400,9681
"啟陽苑 A座",37,"4",381,3677000,9651
"啟陽苑 A座",35,"4",381,3665600,9621
"啟陽苑 A座",33,"4",381,3654200,9591
"啟陽苑 A座",31,"4",381,3642800,9561
"啟陽苑 A座",29,"4",381,3628500,9524
"啟陽苑 A座",27,"4",381,3611300,9478
"啟陽苑 A座",25,"4",381,3594100,9433
"啟陽苑 A座",22,"4",381,3568300,9366
"啟陽苑 A座",19,"4",381,3539700,9291
"啟陽苑 A座",16,"4",381,3505500,9201
"啟陽苑 A座",13,"4",381,3471300,9111
"啟陽苑 A座",10,"4",381,3434200,9014
"啟陽苑 A座",7,"4",381,3391300,8901
"啟陽苑 A座",4,"4",381,3348400,8788
"啟陽苑 A座",2,"4",381,3257200,8549
"啟陽苑 A座",40,"5",283,2693500,9518
"啟陽苑 A座",38,"5",283,2710500,9578
"啟陽苑 A座",36,"5",283,2702100,9548
"啟陽苑 A座",34,"5",283,2693700,9518
"啟陽苑 A座",32,"5",283,2685300,9489
"啟陽苑 A座",30,"5",283,2676900,9459
"啟陽苑 A座",28,"5",283,2664100,9414
"啟陽苑 A座",26,"5",283,2651300,9369
"啟陽苑 A座",24,"5",283,2638500,9323
"啟陽苑 A座",21,"5",283,2619300,9255
"啟陽苑 A座",18,"5",283,2595900,9173
"啟陽苑 A座",15,"5",283,2570400,9083
"啟陽苑 A座",12,"5",283,2544900,8993
"啟陽苑 A座",9,"5",283,2515200,8888
"啟陽苑 A座",6,"5",283,2483400,8775
"啟陽苑 A座",3,"5",283,2436800,8611
"啟陽苑 A座",39,"6",287,2764100,9631
"啟陽苑 A座",37,"6",287,2755500,9601
"啟陽苑 A座",35,"6",287,2746900,9571
"啟陽苑 A座",33,"6",287,2738300,9541
"啟陽苑 A座",31,"6",287,2729700,9511
"啟陽苑 A座",29,"6",287,2719000,9474
"啟陽苑 A座",27,"6",287,2706200,9429
"啟陽苑 A座",25,"6",287,2693400,9385
"啟陽苑 A座",23,"6",287,2680600,9340
"啟陽苑 A座",20,"6",287,2661400,9273
"啟陽苑 A座",17,"6",287,2635600,9183
"啟陽苑 A座",14,"6",287,2609800,9093
"啟陽苑 A座",11,"6",287,2584000,9003
"啟陽苑 A座",8,"6",287,2551900,8892
"啟陽苑 A座",5,"6",287,2519800,8780
"啟陽苑 A座",2,"6",287,2440300,8503
"啟陽苑 A座",40,"7",282,2693200,9550
"啟陽苑 A座",38,"7",282,2710100,9610
"啟陽苑 A座",36,"7",282,2701700,9580
"啟陽苑 A座",34,"7",282,2693300,9551
"啟陽苑 A座",32,"7",282,2684900,9521
"啟陽苑 A座",30,"7",282,2676500,9491
"啟陽苑 A座",28,"7",282,2663900,9446
"啟陽苑 A座",26,"7",282,2651300,9402
"啟陽苑 A座",24,"7",282,2638700,9357
"啟陽苑 A座",21,"7",282,2619800,9290
"啟陽苑 A座",18,"7",282,2596700,9208
"啟陽苑 A座",15,"7",282,2571500,9119
"啟陽苑 A座",12,"7",282,2546300,9029
"啟陽苑 A座",9,"7",282,2516900,8925
"啟陽苑 A座",6,"7",282,2485400,8813
"啟陽苑 A座",3,"7",282,2422200,8589
"啟陽苑 A座",39,"8",282,2716400,9633
"啟陽苑 A座",37,"8",282,2708000,9603
"啟陽苑 A座",35,"8",282,2699600,9573
"啟陽苑 A座",33,"8",282,2691200,9543
"啟陽苑 A座",31,"8",282,2682800,9513
"啟陽苑 A座",29,"8",282,2672300,9476
"啟陽苑 A座",27,"8",282,2659700,9432
"啟陽苑 A座",25,"8",282,2647100,9387
"啟陽苑 A座",23,"8",282,2634500,9342
"啟陽苑 A座",20,"8",282,2615600,9275
"啟陽苑 A座",17,"8",282,2590400,9186
"啟陽苑 A座",14,"8",282,2565200,9096
"啟陽苑 A座",11,"8",282,2540000,9007
"啟陽苑 A座",8,"8",282,2508500,8895
"啟陽苑 A座",5,"8",282,2477000,8784
"啟陽苑 A座",2,"8",282,2373700,8417
"啟陽苑 A座",40,"9",287,2706100,9429
"啟陽苑 A座",38,"9",287,2723300,9489
"啟陽苑 A座",36,"9",287,2714700,9459
"啟陽苑 A座",34,"9",287,2706100,9429
"啟陽苑 A座",32,"9",287,2697500,9399
"啟陽苑 A座",30,"9",287,2688900,9369
"啟陽苑 A座",28,"9",287,2676100,9324
"啟陽苑 A座",26,"9",287,2663300,9280
"啟陽苑 A座",24,"9",287,2650500,9235
"啟陽苑 A座",21,"9",287,2631300,9168
"啟陽苑 A座",18,"9",287,2607700,9086
"啟陽苑 A座",15,"9",287,2581900,8996
"啟陽苑 A座",12,"9",287,2556100,8906
"啟陽苑 A座",9,"9",287,2526100,8802
"啟陽苑 A座",6,"9",287,2494000,8690
"啟陽苑 A座",3,"9",287,2433900,8480
"啟陽苑 A座",40,"10",391,3732200,9545
"啟陽苑 A座",38,"10",391,3755600,9605
"啟陽苑 A座",36,"10",391,3744000,9575
"啟陽苑 A座",34,"10",391,3703000,9471
"啟陽苑 A座",32,"10",391,3691400,9441
"啟陽苑 A座",30,"10",391,3679800,9411
"啟陽苑 A座",28,"10",391,3662200,9366
"啟陽苑 A座",26,"10",391,3644600,9321
"啟陽苑 A座",23,"10",391,3618200,9254
"啟陽苑 A座",20,"10",391,3591800,9186
"啟陽苑 A座",17,"10",391,3556700,9096
"啟陽苑 A座",14,"10",391,3521600,9007
"啟陽苑 A座",11,"10",391,3486500,8917
"啟陽苑 A座",8,"10",391,3442700,8805
"啟陽苑 A座",5,"10",391,3398900,8693
"啟陽苑 A座",3,"10",391,3349200,8566
"啟陽苑 A座",39,"11",490,4798900,9794
"啟陽苑 A座",37,"11",490,4784300,9764
"啟陽苑 A座",35,"11",490,4769700,9734
"啟陽苑 A座",33,"11",490,4755100,9704
"啟陽苑 A座",31,"11",490,4740500,9674
"啟陽苑 A座",29,"11",490,4722200,9637
"啟陽苑 A座",27,"11",490,4700200,9592
"啟陽苑 A座",25,"11",490,4678200,9547
"啟陽苑 A座",23,"11",490,4656200,9502
"啟陽苑 A座",21,"11",490,4634200,9458
"啟陽苑 A座",19,"11",490,4608500,9405
"啟陽苑 A座",17,"11",490,4579100,9345
"啟陽苑 A座",15,"11",490,4549700,9285
"啟陽苑 A座",13,"11",490,4520300,9225
"啟陽苑 A座",11,"11",490,4490900,9165
"啟陽苑 A座",9,"11",490,4454300,9090
"啟陽苑 A座",6,"11",490,4399400,8978
"啟陽苑 A座",3,"11",490,4318800,8814
"啟陽苑 A座",40,"12",295,2832200,9601
"啟陽苑 A座",38,"12",295,2849900,9661
"啟陽苑 A座",36,"12",295,2841100,9631
"啟陽苑 A座",34,"12",295,2832300,9601
"啟陽苑 A座",32,"12",295,2823500,9571
"啟陽苑 A座",30,"12",295,2814700,9541
"啟陽苑 A座",28,"12",295,2801500,9497
"啟陽苑 A座",26,"12",295,2788300,9452
"啟陽苑 A座",24,"12",295,2775100,9407
"啟陽苑 A座",21,"12",295,2755300,9340
"啟陽苑 A座",18,"12",295,2731100,9258
"啟陽苑 A座",15,"12",295,2704700,9168
"啟陽苑 A座",12,"12",295,2678300,9079
"啟陽苑 A座",9,"12",295,2647500,8975
"啟陽苑 A座",6,"12",295,2614500,8863
"啟陽苑 A座",3,"12",295,2566000,8698
"啟陽苑 A座",39,"13",295,2785800,9443
"啟陽苑 A座",37,"13",295,2768200,9384
"啟陽苑 A座",35,"13",295,2759400,9354
"啟陽苑 A座",33,"13",295,2750600,9324
"啟陽苑 A座",31,"13",295,2741800,9294
"啟陽苑 A座",29,"13",295,2730800,9257
"啟陽苑 A座",27,"13",295,2717600,9212
"啟陽苑 A座",25,"13",295,2704400,9167
"啟陽苑 A座",23,"13",295,2691200,9123
"啟陽苑 A座",20,"13",295,2671400,9056
"啟陽苑 A座",17,"13",295,2645000,8966
"啟陽苑 A座",14,"13",295,2618600,8877
"啟陽苑 A座",11,"13",295,2592200,8787
"啟陽苑 A座",8,"13",295,2559200,8675
"啟陽苑 A座",5,"13",295,2526200,8563
"啟陽苑 A座",39,"14",377,3590100,9523
"啟陽苑 A座",37,"14",377,3567600,9463
"啟陽苑 A座",35,"14",377,3556400,9433
"啟陽苑 A座",33,"14",377,3545200,9404
"啟陽苑 A座",31,"14",377,3534000,9374
"啟陽苑 A座",29,"14",377,3519900,9337
"啟陽苑 A座",27,"14",377,3502900,9292
"啟陽苑 A座",25,"14",377,3485900,9246
"啟陽苑 A座",22,"14",377,3460400,9179
"啟陽苑 A座",19,"14",377,3432100,9104
"啟陽苑 A座",16,"14",377,3398200,9014
"啟陽苑 A座",13,"14",377,3364300,8924
"啟陽苑 A座",10,"14",377,3327600,8827
"啟陽苑 A座",7,"14",377,3285300,8714
"啟陽苑 A座",4,"14",377,3243000,8602
"啟陽苑 A座",2,"14",377,3141500,8333
"啟陽苑 A座",40,"15",375,3555400,9481
"啟陽苑 A座",38,"15",375,3555400,9481
"啟陽苑 A座",36,"15",375,3544200,9451
"啟陽苑 A座",34,"15",375,3533000,9421
"啟陽苑 A座",32,"15",375,3521800,9391
"啟陽苑 A座",30,"15",375,3510600,9362
"啟陽苑 A座",28,"15",375,3493800,9317
"啟陽苑 A座",26,"15",375,3477000,9272
"啟陽苑 A座",23,"15",375,3451800,9205
"啟陽苑 A座",20,"15",375,3426600,9138
"啟陽苑 A座",17,"15",375,3393000,9048
"啟陽苑 A座",14,"15",375,3359400,8958
"啟陽苑 A座",11,"15",375,3325800,8869
"啟陽苑 A座",8,"15",375,3283800,8757
"啟陽苑 A座",5,"15",375,3241800,8645
"啟陽苑 A座",3,"15",375,3188600,8503
"啟陽苑 A座",39,"16",375,3575000,9533
"啟陽苑 A座",37,"16",375,3552600,9474
"啟陽苑 A座",35,"16",375,3541400,9444
"啟陽苑 A座",33,"16",375,3530200,9414
"啟陽苑 A座",31,"16",375,3519000,9384
"啟陽苑 A座",29,"16",375,3505000,9347
"啟陽苑 A座",27,"16",375,3488200,9302
"啟陽苑 A座",25,"16",375,3471400,9257
"啟陽苑 A座",22,"16",375,3446200,9190
"啟陽苑 A座",19,"16",375,3418200,9115
"啟陽苑 A座",16,"16",375,3384600,9026
"啟陽苑 A座",13,"16",375,3351000,8936
"啟陽苑 A座",10,"16",375,3314600,8839
"啟陽苑 A座",7,"16",375,3272600,8727
"啟陽苑 A座",4,"16",375,3230600,8615
"啟陽苑 A座",2,"16",375,3129800,8346
"啟陽苑 A座",40,"17",381,3594300,9434
"啟陽苑 A座",38,"17",381,3622800,9509
"啟陽苑 A座",36,"17",381,3611400,9479
"啟陽苑 A座",34,"17",381,3600000,9449
"啟陽苑 A座",32,"17",381,3588600,9419
"啟陽苑 A座",30,"17",381,3577200,9389
"啟陽苑 A座",28,"17",381,3560000,9344
"啟陽苑 A座",26,"17",381,3542800,9299
"啟陽苑 A座",23,"17",381,3517000,9231
"啟陽苑 A座",20,"17",381,3491200,9163
"啟陽苑 A座",17,"17",381,3457000,9073
"啟陽苑 A座",14,"17",381,3422800,8984
"啟陽苑 A座",11,"17",381,3388600,8894
"啟陽苑 A座",8,"17",381,3345700,8781
"啟陽苑 A座",5,"17",381,3302800,8669
"啟陽苑 A座",3,"17",381,3248600,8527
"啟陽苑 B座",39,"1",385,3787200,9837
"啟陽苑 B座",37,"1",385,3775600,9807
"啟陽苑 B座",35,"1",385,3764000,9777
"啟陽苑 B座",33,"1",385,3752400,9746
"啟陽苑 B座",31,"1",385,3740800,9716
"啟陽苑 B座",29,"1",385,3726400,9679
"啟陽苑 B座",27,"1",385,3709200,9634
"啟陽苑 B座",25,"1",385,3692000,9590
"啟陽苑 B座",23,"1",385,3674800,9545
"啟陽苑 B座",21,"1",385,3657600,9500
"啟陽苑 B座",19,"1",385,3637500,9448
"啟陽苑 B座",16,"1",385,3603000,9358
"啟陽苑 B座",13,"1",385,3568500,9269
"啟陽苑 B座",10,"1",385,3531100,9172
"啟陽苑 B座",7,"1",385,3487900,9059
"啟陽苑 B座",4,"1",385,3444700,8947
"啟陽苑 B座",40,"2",468,4605300,9840
"啟陽苑 B座",38,"2",468,4633300,9900
"啟陽苑 B座",36,"2",468,4619300,9870
"啟陽苑 B座",34,"2",468,4605300,9840
"啟陽苑 B座",32,"2",468,4591300,9810
"啟陽苑 B座",30,"2",468,4577300,9781
"啟陽苑 B座",28,"2",468,4556300,9736
"啟陽苑 B座",26,"2",468,4535300,9691
"啟陽苑 B座",24,"2",468,4514300,9646
"啟陽苑 B座",22,"2",468,4493300,9601
"啟陽苑 B座",20,"2",468,4472300,9556
"啟陽苑 B座",18,"2",468,4444300,9496
"啟陽苑 B座",16,"2",468,4416300,9437
"啟陽苑 B座",13,"2",468,4374300,9347
"啟陽苑 B座",10,"2",468,4328800,9250
"啟陽苑 B座",7,"2",468,4276300,9137
"啟陽苑 B座",4,"2",468,4223800,9025
"啟陽苑 B座",1,"2",468,3912100,8359
"啟陽苑 B座",38,"3",384,3779200,9842
"啟陽苑 B座",36,"3",384,3767800,9812
"啟陽苑 B座",34,"3",384,3756400,9782
"啟陽苑 B座",32,"3",384,3745000,9753
"啟陽苑 B座",30,"3",384,3733600,9723
"啟陽苑 B座",28,"3",384,3716400,9678
"啟陽苑 B座",26,"3",384,3699200,9633
"啟陽苑 B座",24,"3",384,3682000,9589
"啟陽苑 B座",22,"3",384,3664800,9544
"啟陽苑 B座",20,"3",384,3647600,9499
"啟陽苑 B座",18,"3",384,3624600,9439
"啟陽苑 B座",15,"3",384,3590100,9349
"啟陽苑 B座",12,"3",384,3555600,9259
"啟陽苑 B座",9,"3",384,3515300,9154
"啟陽苑 B座",6,"3",384,3472100,9042
"啟陽苑 B座",3,"3",384,3382900,8810
"啟陽苑 B座",39,"4",478,4746700,9930
"啟陽苑 B座",37,"4",478,4732500,9901
"啟陽苑 B座",35,"4",478,4718300,9871
"啟陽苑 B座",33,"4",478,4704100,9841
"啟陽苑 B座",31,"4",478,4689900,9812
"啟陽苑 B座",29,"4",478,4672100,9774
"啟陽苑 B座",27,"4",478,4650700,9729
"啟陽苑 B座",25,"4",478,4629300,9685
"啟陽苑 B座",23,"4",478,4607900,9640
"啟陽苑 B座",21,"4",478,4586500,9595
"啟陽苑 B座",19,"4",478,4561500,9543
"啟陽苑 B座",17,"4",478,4532900,9483
"啟陽苑 B座",15,"4",478,4504300,9423
"啟陽苑 B座",13,"4",478,4475700,9363
"啟陽苑 B座",10,"4",478,4429200,9266
"啟陽苑 B座",7,"4",478,4375500,9154
"啟陽苑 B座",4,"4",478,4321800,9041
"啟陽苑 B座",1,"4",478,4003600,8376
"啟陽苑 B座",39,"5",383,3783200,9878
"啟陽苑 B座",37,"5",383,3771800,9848
"啟陽苑 B座",35,"5",383,3760400,9818
"啟陽苑 B座",33,"5",383,3749000,9789
"啟陽苑 B座",31,"5",383,3737600,9759
"啟陽苑 B座",29,"5",383,3723300,9721
"啟陽苑 B座",27,"5",383,3706100,9677
"啟陽苑 B座",25,"5",383,3688900,9632
"啟陽苑 B座",23,"5",383,3671700,9587
"啟陽苑 B座",21,"5",383,3654500,9542
"啟陽苑 B座",19,"5",383,3634400,9489
"啟陽苑 B座",16,"5",383,3599900,9399
"啟陽苑 B座",13,"5",383,3565400,9309
"啟陽苑 B座",10,"5",383,3528100,9212
"啟陽苑 B座",7,"5",383,3485200,9100
"啟陽苑 B座",4,"5",383,3442300,8988
"啟陽苑 B座",38,"6",298,2921800,9805
"啟陽苑 B座",36,"6",298,2912800,9774
"啟陽苑 B座",34,"6",298,2903800,9744
"啟陽苑 B座",32,"6",298,2894800,9714
"啟陽苑 B座",30,"6",298,2885800,9684
"啟陽苑 B座",28,"6",298,2872400,9639
"啟陽苑 B座",26,"6",298,2859000,9594
"啟陽苑 B座",24,"6",298,2845600,9549
"啟陽苑 B座",22,"6",298,2832200,9504
"啟陽苑 B座",20,"6",298,2818800,9459
"啟陽苑 B座",18,"6",298,2801000,9399
"啟陽苑 B座",15,"6",298,2774300,9310
"啟陽苑 B座",12,"6",298,2747600,9220
"啟陽苑 B座",9,"6",298,2716300,9115
"啟陽苑 B座",6,"6",298,2682700,9002
"啟陽苑 B座",39,"7",298,3086700,10358
"啟陽苑 B座",37,"7",298,3010900,10104
"啟陽苑 B座",35,"7",298,2946200,9887
"啟陽苑 B座",33,"7",298,2914900,9782
"啟陽苑 B座",31,"7",298,2905900,9751
"啟陽苑 B座",29,"7",298,2894700,9714
"啟陽苑 B座",27,"7",298,2881300,9669
"啟陽苑 B座",25,"7",298,2867900,9624
"啟陽苑 B座",23,"7",298,2854500,9579
"啟陽苑 B座",21,"7",298,2841100,9534
"啟陽苑 B座",19,"7",298,2825500,9482
"啟陽苑 B座",16,"7",298,2798800,9392
"啟陽苑 B座",13,"7",298,2772100,9302
"啟陽苑 B座",10,"7",298,2743100,9205
"啟陽苑 B座",7,"7",298,2709500,9092
"啟陽苑 B座",4,"7",298,2675900,8980
"啟陽苑 B座",38,"8",390,4007200,10275
"啟陽苑 B座",36,"8",390,3908200,10021
"啟陽苑 B座",34,"8",390,3838200,9842
"啟陽苑 B座",32,"8",390,3826600,9812
"啟陽苑 B座",30,"8",390,3815000,9782
"啟陽苑 B座",28,"8",390,3797600,9737
"啟陽苑 B座",26,"8",390,3780200,9693
"啟陽苑 B座",24,"8",390,3762800,9648
"啟陽苑 B座",22,"8",390,3745400,9604
"啟陽苑 B座",20,"8",390,3728000,9559
"啟陽苑 B座",18,"8",390,3704600,9499
"啟陽苑 B座",15,"8",390,3669500,9409
"啟陽苑 B座",12,"8",390,3634400,9319
"啟陽苑 B座",9,"8",390,3593500,9214
"啟陽苑 B座",6,"8",390,3549700,9102
"啟陽苑 B座",3,"8",390,3485500,8937
"啟陽苑 B座",39,"9",384,3992200,10396
"啟陽苑 B座",37,"9",384,3894400,10142
"啟陽苑 B座",35,"9",384,3811000,9924
"啟陽苑 B座",33,"9",384,3770800,9820
"啟陽苑 B座",31,"9",384,3759400,9790
"啟陽苑 B座",29,"9",384,3745100,9753
"啟陽苑 B座",27,"9",384,3727900,9708
"啟陽苑 B座",25,"9",384,3710700,9663
"啟陽苑 B座",23,"9",384,3693500,9618
"啟陽苑 B座",21,"9",384,3676300,9574
"啟陽苑 B座",19,"9",384,3656200,9521
"啟陽苑 B座",16,"9",384,3621700,9432
"啟陽苑 B座",13,"9",384,3587200,9342
"啟陽苑 B座",10,"9",384,3549800,9244
"啟陽苑 B座",7,"9",384,3506600,9132
"啟陽苑 B座",4,"9",384,3463400,9019
"啟陽苑 B座",40,"10",464,4767700,10275
"啟陽苑 B座",38,"10",464,4743400,10223
"啟陽苑 B座",36,"10",464,4625400,9969
"啟陽苑 B座",34,"10",464,4542200,9789
"啟陽苑 B座",32,"10",464,4528400,9759
"啟陽苑 B座",30,"10",464,4514600,9730
"啟陽苑 B座",28,"10",464,4493800,9685
"啟陽苑 B座",26,"10",464,4473000,9640
"啟陽苑 B座",24,"10",464,4452200,9595
"啟陽苑 B座",22,"10",464,4431400,9550
"啟陽苑 B座",20,"10",464,4410600,9506
"啟陽苑 B座",18,"10",464,4382800,9446
"啟陽苑 B座",16,"10",464,4355000,9386
"啟陽苑 B座",14,"10",464,4327200,9326
"啟陽苑 B座",11,"10",464,4285500,9236
"啟陽苑 B座",8,"10",464,4233300,9123
"啟陽苑 B座",5,"10",464,4181100,9011
"啟陽苑 B座",2,"10",464,4052700,8734
"啟陽苑 B座",39,"11",464,4767700,10275
"啟陽苑 B座",37,"11",464,4649700,10021
"啟陽苑 B座",35,"11",464,4549100,9804
"啟陽苑 B座",33,"11",464,4500600,9700
"啟陽苑 B座",31,"11",464,4486800,9670
"啟陽苑 B座",29,"11",464,4469500,9633
"啟陽苑 B座",27,"11",464,4448700,9588
"啟陽苑 B座",25,"11",464,4427900,9543
"啟陽苑 B座",23,"11",464,4407100,9498
"啟陽苑 B座",21,"11",464,4386300,9453
"啟陽苑 B座",19,"11",464,4362000,9401
"啟陽苑 B座",17,"11",464,4334200,9341
"啟陽苑 B座",15,"11",464,4306400,9281
"啟陽苑 B座",12,"11",464,4264700,9191
"啟陽苑 B座",9,"11",464,4216000,9086
"啟陽苑 B座",6,"11",464,4163800,8974
"啟陽苑 B座",3,"11",464,4087400,8809
"啟陽苑 B座",38,"12",384,3848500,10022
"啟陽苑 B座",36,"12",384,3750700,9767
"啟陽苑 B座",34,"12",384,3681700,9588
"啟陽苑 B座",32,"12",384,3670300,9558
"啟陽苑 B座",30,"12",384,3658900,9528
"啟陽苑 B座",28,"12",384,3641700,9484
"啟陽苑 B座",26,"12",384,3624500,9439
"啟陽苑 B座",24,"12",384,3607300,9394
"啟陽苑 B座",22,"12",384,3590100,9349
"啟陽苑 B座",20,"12",384,3572900,9304
"啟陽苑 B座",18,"12",384,3549900,9245
"啟陽苑 B座",15,"12",384,3515400,9155
"啟陽苑 B座",12,"12",384,3480900,9065
"啟陽苑 B座",9,"12",384,3440600,8960
"啟陽苑 B座",6,"12",384,3397400,8847
"啟陽苑 B座",3,"12",384,3334100,8683
"啟陽苑 B座",39,"13",385,4023700,10451
"啟陽苑 B座",37,"13",385,4012100,10421
"啟陽苑 B座",35,"13",385,4000500,10391
"啟陽苑 B座",33,"13",385,3988900,10361
"啟陽苑 B座",31,"13",385,3977300,10331
"啟陽苑 B座",29,"13",385,3962900,10293
"啟陽苑 B座",27,"13",385,3945700,10249
"啟陽苑 B座",25,"13",385,3928500,10204
"啟陽苑 B座",23,"13",385,3911300,10159
"啟陽苑 B座",21,"13",385,3836300,9964
"啟陽苑 B座",19,"13",385,3787300,9837
"啟陽苑 B座",16,"13",385,3752800,9748
"啟陽苑 B座",13,"13",385,3718300,9658
"啟陽苑 B座",10,"13",385,3680900,9561
"啟陽苑 B座",7,"13",385,3597300,9344
"啟陽苑 B座",4,"13",385,3533900,9179
"啟陽苑 B座",38,"14",287,2979100,10380
"啟陽苑 B座",36,"14",287,2970500,10350
"啟陽苑 B座",34,"14",287,2961900,10320
"啟陽苑 B座",32,"14",287,2953300,10290
"啟陽苑 B座",30,"14",287,2944700,10260
"啟陽苑 B座",28,"14",287,2931900,10216
"啟陽苑 B座",26,"14",287,2919100,10171
"啟陽苑 B座",24,"14",287,2906300,10126
"啟陽苑 B座",22,"14",287,2872000,10007
"啟陽苑 B座",20,"14",287,2816200,9813
"啟陽苑 B座",18,"14",287,2799000,9753
"啟陽苑 B座",15,"14",287,2773200,9663
"啟陽苑 B座",12,"14",287,2747400,9573
"啟陽苑 B座",9,"14",287,2717400,9468
"啟陽苑 B座",6,"14",287,2640000,9199
"啟陽苑 B座",3,"14",287,2588500,9019
"啟陽苑 B座",39,"15",287,2680300,9339
"啟陽苑 B座",37,"15",287,2671700,9309
"啟陽苑 B座",35,"15",287,2663100,9279
"啟陽苑 B座",33,"15",287,2654500,9249
"啟陽苑 B座",31,"15",287,2645900,9219
"啟陽苑 B座",29,"15",287,2635200,9182
"啟陽苑 B座",27,"15",287,2622400,9137
"啟陽苑 B座",25,"15",287,2609600,9093
"啟陽苑 B座",23,"15",287,2596800,9048
"啟陽苑 B座",21,"15",287,2584000,9003
"啟陽苑 B座",19,"15",287,2569000,8951
"啟陽苑 B座",16,"15",287,2543200,8861
"啟陽苑 B座",13,"15",287,2517400,8771
"啟陽苑 B座",10,"15",287,2489500,8674
"啟陽苑 B座",7,"15",287,2457400,8562
"啟陽苑 B座",4,"15",287,2425300,8451
"啟陽苑 B座",38,"16",385,3608500,9373
"啟陽苑 B座",36,"16",385,3596900,9343
"啟陽苑 B座",34,"16",385,3585300,9312
"啟陽苑 B座",32,"16",385,3573700,9282
"啟陽苑 B座",30,"16",385,3562100,9252
"啟陽苑 B座",28,"16",385,3544900,9208
"啟陽苑 B座",26,"16",385,3527700,9163
"啟陽苑 B座",24,"16",385,3510500,9118
"啟陽苑 B座",22,"16",385,3493300,9074
"啟陽苑 B座",20,"16",385,3476100,9029
"啟陽苑 B座",18,"16",385,3453100,8969
"啟陽苑 B座",15,"16",385,3418600,8879
"啟陽苑 B座",12,"16",385,3384100,8790
"啟陽苑 B座",9,"16",385,3343800,8685
"啟陽苑 B座",6,"16",385,3300600,8573
"啟陽苑 B座",3,"16",385,3237200,8408
"啟陽苑 B座",39,"17",393,3799900,9669
"啟陽苑 B座",37,"17",393,3788100,9639
"啟陽苑 B座",35,"17",393,3761600,9572
"啟陽苑 B座",33,"17",393,3735100,9504
"啟陽苑 B座",31,"17",393,3723300,9474
"啟陽苑 B座",29,"17",393,3708600,9437
"啟陽苑 B座",27,"17",393,3691000,9392
"啟陽苑 B座",25,"17",393,3673400,9347
"啟陽苑 B座",23,"17",393,3655800,9302
"啟陽苑 B座",21,"17",393,3638200,9258
"啟陽苑 B座",19,"17",393,3617600,9205
"啟陽苑 B座",16,"17",393,3582200,9115
"啟陽苑 B座",13,"17",393,3546800,9025
"啟陽苑 B座",10,"17",393,3508500,8927
"啟陽苑 B座",7,"17",393,3464400,8815
"啟陽苑 B座",4,"17",393,3420300,8703
"啟陽苑 B座",38,"18",284,2725300,9596
"啟陽苑 B座",36,"18",284,2716700,9566
"啟陽苑 B座",34,"18",284,2686900,9461
"啟陽苑 B座",32,"18",284,2678300,9431
"啟陽苑 B座",30,"18",284,2669700,9400
"啟陽苑 B座",28,"18",284,2656900,9355
"啟陽苑 B座",26,"18",284,2644100,9310
"啟陽苑 B座",24,"18",284,2631300,9265
"啟陽苑 B座",22,"18",284,2618500,9220
"啟陽苑 B座",20,"18",284,2605700,9175
"啟陽苑 B座",18,"18",284,2588700,9115
"啟陽苑 B座",15,"18",284,2563200,9025
"啟陽苑 B座",12,"18",284,2537700,8936
"啟陽苑 B座",9,"18",284,2508000,8831
"啟陽苑 B座",6,"18",284,2476200,8719
"啟陽苑 B座",3,"18",284,2429500,8555
"啟陽苑 B座",39,"19",283,2723200,9623
"啟陽苑 B座",37,"19",283,2714800,9593
"啟陽苑 B座",35,"19",283,2695800,9526
"啟陽苑 B座",33,"19",283,2676800,9459
"啟陽苑 B座",31,"19",283,2668400,9429
"啟陽苑 B座",29,"19",283,2657800,9392
"啟陽苑 B座",27,"19",283,2645000,9346
"啟陽苑 B座",25,"19",283,2632200,9301
"啟陽苑 B座",23,"19",283,2619400,9256
"啟陽苑 B座",21,"19",283,2606600,9211
"啟陽苑 B座",19,"19",283,2591700,9158
"啟陽苑 B座",16,"19",283,2566200,9068
"啟陽苑 B座",13,"19",283,2540700,8978
"啟陽苑 B座",10,"19",283,2513100,8880
"啟陽苑 B座",7,"19",283,2481300,8768
"啟陽苑 B座",4,"19",283,2449500,8655
"啟陽苑 B座",38,"20",283,2672400,9443
"啟陽苑 B座",36,"20",283,2664000,9413
"啟陽苑 B座",34,"20",283,2655600,9384
"啟陽苑 B座",32,"20",283,2647200,9354
"啟陽苑 B座",30,"20",283,2638800,9324
"啟陽苑 B座",28,"20",283,2626000,9279
"啟陽苑 B座",26,"20",283,2613200,9234
"啟陽苑 B座",24,"20",283,2600400,9189
"啟陽苑 B座",22,"20",283,2587600,9143
"啟陽苑 B座",19,"20",283,2566300,9068
"啟陽苑 B座",16,"20",283,2540800,8978
"啟陽苑 B座",13,"20",283,2515300,8888
"啟陽苑 B座",10,"20",283,2487700,8790
"啟陽苑 B座",7,"20",283,2455900,8678
"啟陽苑 B座",4,"20",283,2424100,8566
"啟陽苑 B座",1,"20",283,2212300,7817
"啟陽苑 B座",39,"21",284,2685000,9454
"啟陽苑 B座",37,"21",284,2676400,9424
"啟陽苑 B座",35,"21",284,2667800,9394
"啟陽苑 B座",33,"21",284,2659200,9363
"啟陽苑 B座",31,"21",284,2650600,9333
"啟陽苑 B座",29,"21",284,2639900,9295
"啟陽苑 B座",27,"21",284,2627100,9250
"啟陽苑 B座",25,"21",284,2614300,9205
"啟陽苑 B座",23,"21",284,2601500,9160
"啟陽苑 B座",21,"21",284,2588700,9115
"啟陽苑 B座",19,"21",284,2573800,9063
"啟陽苑 B座",16,"21",284,2548300,8973
"啟陽苑 B座",13,"21",284,2522800,8883
"啟陽苑 B座",10,"21",284,2495200,8786
"啟陽苑 B座",7,"21",284,2463400,8674
"啟陽苑 B座",4,"21",284,2431600,8562
"啟陽苑 B座",38,"22",393,3732300,9497
"啟陽苑 B座",36,"22",393,3720500,9467
"啟陽苑 B座",34,"22",393,3708700,9437
"啟陽苑 B座",32,"22",393,3696900,9407
"啟陽苑 B座",30,"22",393,3685100,9377
"啟陽苑 B座",28,"22",393,3667500,9332
"啟陽苑 B座",26,"22",393,3649900,9287
"啟陽苑 B座",24,"22",393,3632300,9242
"啟陽苑 B座",22,"22",393,3614700,9198
"啟陽苑 B座",20,"22",393,3597100,9153
"啟陽苑 B座",18,"22",393,3573500,9093
"啟陽苑 B座",15,"22",393,3538100,9003
"啟陽苑 B座",12,"22",393,3502700,8913
"啟陽苑 B座",9,"22",393,3461500,8808
"啟陽苑 B座",6,"22",393,3417400,8696
"啟陽苑 B座",3,"22",393,3335100,8486
"啟陽苑 B座",40,"23",469,4394500,9370
"啟陽苑 B座",38,"23",469,4422600,9430
"啟陽苑 B座",36,"23",469,4408600,9400
"啟陽苑 B座",34,"23",469,4394600,9370
"啟陽苑 B座",32,"23",469,4380600,9340
"啟陽苑 B座",30,"23",469,4366600,9310
"啟陽苑 B座",28,"23",469,4345600,9266
"啟陽苑 B座",26,"23",469,4324600,9221
"啟陽苑 B座",24,"23",469,4303600,9176
"啟陽苑 B座",22,"23",469,4282600,9131
"啟陽苑 B座",20,"23",469,4261600,9087
"啟陽苑 B座",18,"23",469,4233600,9027
"啟陽苑 B座",16,"23",469,4205600,8967
"啟陽苑 B座",13,"23",469,4163600,8878
"啟陽苑 B座",10,"23",469,4118000,8780
"啟陽苑 B座",7,"23",469,4065200,8668
"啟陽苑 B座",4,"23",469,4012400,8555
"啟陽苑 B座",1,"23",469,3636800,7754
"啟陽苑 B座",39,"24",384,3606700,9392
"啟陽苑 B座",37,"24",384,3595300,9363
"啟陽苑 B座",35,"24",384,3583900,9333
"啟陽苑 B座",33,"24",384,3572500,9303
"啟陽苑 B座",31,"24",384,3561100,9274
"啟陽苑 B座",29,"24",384,3546800,9236
"啟陽苑 B座",27,"24",384,3529600,9192
"啟陽苑 B座",25,"24",384,3512400,9147
"啟陽苑 B座",23,"24",384,3495200,9102
"啟陽苑 B座",21,"24",384,3478000,9057
"啟陽苑 B座",19,"24",384,3457900,9005
"啟陽苑 B座",16,"24",384,3423400,8915
"啟陽苑 B座",13,"24",384,3388900,8825
"啟陽苑 B座",10,"24",384,3351500,8728
"啟陽苑 B座",7,"24",384,3308300,8615
"啟陽苑 B座",4,"24",384,3265100,8503
"啟陽苑 B座",38,"25",391,3664800,9373
"啟陽苑 B座",36,"25",391,3653200,9343
"啟陽苑 B座",34,"25",391,3641600,9314
"啟陽苑 B座",32,"25",391,3630000,9284
"啟陽苑 B座",30,"25",391,3618400,9254
"啟陽苑 B座",28,"25",391,3600800,9209
"啟陽苑 B座",26,"25",391,3583200,9164
"啟陽苑 B座",24,"25",391,3565600,9119
"啟陽苑 B座",22,"25",391,3548000,9074
"啟陽苑 B座",20,"25",391,3530400,9029
"啟陽苑 B座",18,"25",391,3507000,8969
"啟陽苑 B座",15,"25",391,3471900,8880
"啟陽苑 B座",12,"25",391,3436800,8790
"啟陽苑 B座",9,"25",391,3395900,8685
"啟陽苑 B座",6,"25",391,3352100,8573
"啟陽苑 B座",3,"25",391,3258600,8334
"啟陽苑 B座",38,"26",287,2985500,10402
"啟陽苑 B座",36,"26",287,2976900,10372
"啟陽苑 B座",34,"26",287,2968300,10343
"啟陽苑 B座",32,"26",287,2959700,10313
"啟陽苑 B座",30,"26",287,2951100,10283
"啟陽苑 B座",28,"26",287,2938300,10238
"啟陽苑 B座",26,"26",287,2925500,10193
"啟陽苑 B座",24,"26",287,2912700,10149
"啟陽苑 B座",22,"26",287,2878400,10029
"啟陽苑 B座",20,"26",287,2822600,9835
"啟陽苑 B座",18,"26",287,2805400,9775
"啟陽苑 B座",15,"26",287,2779600,9685
"啟陽苑 B座",12,"26",287,2753800,9595
"啟陽苑 B座",9,"26",287,2723800,9491
"啟陽苑 B座",6,"26",287,2653000,9244
"啟陽苑 B座",3,"26",287,2586500,9012
"啟陽苑 B座",39,"27",281,2920800,10394
"啟陽苑 B座",37,"27",281,2912400,10364
"啟陽苑 B座",35,"27",281,2904000,10335
"啟陽苑 B座",33,"27",281,2895600,10305
"啟陽苑 B座",31,"27",281,2887200,10275
"啟陽苑 B座",29,"27",281,2876700,10237
"啟陽苑 B座",27,"27",281,2864100,10193
"啟陽苑 B座",25,"27",281,2851500,10148
"啟陽苑 B座",23,"27",281,2838900,10103
"啟陽苑 B座",21,"27",281,2784300,9909
"啟陽苑 B座",19,"27",281,2748600,9781
"啟陽苑 B座",16,"27",281,2723400,9692
"啟陽苑 B座",13,"27",281,2698200,9602
"啟陽苑 B座",10,"27",281,2670900,9505
"啟陽苑 B座",7,"27",281,2610000,9288
"啟陽苑 B座",4,"27",281,2563800,9124
"啟陽苑 B座",39,"28",375,3919600,10452
"啟陽苑 B座",37,"28",375,3908400,10422
"啟陽苑 B座",35,"28",375,3897200,10393
"啟陽苑 B座",33,"28",375,3886000,10363
"啟陽苑 B座",31,"28",375,3874800,10333
"啟陽苑 B座",29,"28",375,3860800,10295
"啟陽苑 B座",27,"28",375,3844000,10251
"啟陽苑 B座",25,"28",375,3827200,10206
"啟陽苑 B座",23,"28",375,3810400,10161
"啟陽苑 B座",21,"28",375,3737600,9967
"啟陽苑 B座",19,"28",375,3690000,9840
"啟陽苑 B座",16,"28",375,3656400,9750
"啟陽苑 B座",13,"28",375,3622800,9661
"啟陽苑 B座",10,"28",375,3586400,9564
"啟陽苑 B座",7,"28",375,3505200,9347
"啟陽苑 B座",4,"28",375,3443600,9183
"啟陽苑 B座",38,"29",384,3951800,10291
"啟陽苑 B座",36,"29",384,3940400,10261
"啟陽苑 B座",34,"29",384,3929000,10232
"啟陽苑 B座",32,"29",384,3917600,10202
"啟陽苑 B座",30,"29",384,3906200,10172
"啟陽苑 B座",28,"29",384,3889000,10128
"啟陽苑 B座",26,"29",384,3871800,10083
"啟陽苑 B座",24,"29",384,3854600,10038
"啟陽苑 B座",22,"29",384,3808600,9918
"啟陽苑 B座",20,"29",384,3733800,9723
"啟陽苑 B座",18,"29",384,3710800,9664
"啟陽苑 B座",15,"29",384,3676300,9574
"啟陽苑 B座",12,"29",384,3641800,9484
"啟陽苑 B座",9,"29",384,3601500,9379
"啟陽苑 B座",6,"29",384,3498000,9109
"啟陽苑 B座",3,"29",384,3417500,8900
"影輝苑 A座",38,"1",382,2764000,7236
"影輝苑 A座",30,"1",382,2728000,7141
"影輝苑 A座",22,"1",382,2674400,7001
"影輝苑 A座",14,"1",382,2607000,6825
"影輝苑 A座",6,"1",382,2524000,6607
"影輝苑 A座",38,"2",560,4228700,7551
"影輝苑 A座",31,"2",560,4182500,7469
"影輝苑 A座",24,"2",560,4117100,7352
"影輝苑 A座",17,"2",560,4009000,7159
"影輝苑 A座",10,"2",560,3914000,6989
"影輝苑 A座",3,"2",560,3756600,6708
"影輝苑 A座",39,"3",560,4205800,7510
"影輝苑 A座",32,"3",560,4192400,7486
"影輝苑 A座",25,"3",560,4126900,7369
"影輝苑 A座",18,"3",560,4022100,7182
"影輝苑 A座",11,"3",560,3930400,7019
"影輝苑 A座",4,"3",560,3815600,6814
"影輝苑 A座",37,"4",382,2833400,7417
"影輝苑 A座",29,"4",382,2795200,7317
"影輝苑 A座",21,"4",382,2741600,7177
"影輝苑 A座",13,"4",382,2671900,6995
"影輝苑 A座",5,"4",382,2586700,6771
"影輝苑 A座",38,"5",287,2137400,7447
"影輝苑 A座",30,"5",287,2110200,7353
"影輝苑 A座",22,"5",287,2070200,7213
"影輝苑 A座",14,"5",287,2020000,7038
"影輝苑 A座",6,"5",287,1957900,6822
"影輝苑 A座",36,"6",287,2123800,7400
"影輝苑 A座",26,"6",287,2083400,7259
"影輝苑 A座",16,"6",287,2026600,7061
"影輝苑 A座",6,"6",287,1951100,6798
"影輝苑 A座",38,"7",447,3345700,7485
"影輝苑 A座",31,"7",447,3309300,7403
"影輝苑 A座",24,"7",447,3257300,7287
"影輝苑 A座",17,"7",447,3170900,7094
"影輝苑 A座",10,"7",447,3094800,6923
"影輝苑 A座",3,"7",447,2971700,6648
"影輝苑 A座",39,"8",447,3332600,7455
"影輝苑 A座",32,"8",447,3322300,7432
"影輝苑 A座",25,"8",447,3272900,7322
"影輝苑 A座",18,"8",447,3189200,7135
"影輝苑 A座",11,"8",447,3115700,6970
"影輝苑 A座",4,"8",447,3024000,6765
"影輝苑 A座",38,"9",447,3238300,7245
"影輝苑 A座",31,"9",447,3201900,7163
"影輝苑 A座",24,"9",447,3149900,7047
"影輝苑 A座",17,"9",447,3087200,6906
"影輝苑 A座",10,"9",447,3011100,6736
"影輝苑 A座",3,"9",447,2885400,6455
"影輝苑 A座",36,"10",384,2748200,7157
"影輝苑 A座",28,"10",384,2707600,7051
"影輝苑 A座",20,"10",384,2653200,6909
"影輝苑 A座",12,"10",384,2581200,6722
"影輝苑 A座",4,"10",384,2493100,6492
"影輝苑 A座",35,"11",385,2841300,7380
"影輝苑 A座",27,"11",385,2798400,7269
"影輝苑 A座",19,"11",385,2741800,7122
"影輝苑 A座",11,"11",385,2669800,6935
"影輝苑 A座",3,"11",385,2550100,6624
"影輝苑 A座",37,"12",283,2085600,7370
"影輝苑 A座",29,"12",283,2057500,7270
"影輝苑 A座",21,"12",283,2017500,7129
"影輝苑 A座",13,"12",283,1966300,6948
"影輝苑 A座",5,"12",283,1903300,6725
"影輝苑 A座",38,"13",381,2838800,7451
"影輝苑 A座",30,"13",381,2802800,7356
"影輝苑 A座",22,"13",381,2749200,7216
"影輝苑 A座",14,"13",381,2682400,7040
"影輝苑 A座",6,"13",381,2599700,6823
"影輝苑 A座",37,"14",381,2758400,7240
"影輝苑 A座",29,"14",381,2720200,7140
"影輝苑 A座",21,"14",381,2666600,6999
"影輝苑 A座",13,"14",381,2597600,6818
"影輝苑 A座",5,"14",381,2512600,6595
"影輝苑 A座",35,"15",283,2021000,7141
"影輝苑 A座",25,"15",283,1979500,6995
"影輝苑 A座",15,"15",283,1921500,6790
"影輝苑 A座",5,"15",283,1845300,6520
"影輝苑 A座",36,"16",385,2766800,7186
"影輝苑 A座",28,"16",385,2726200,7081
"影輝苑 A座",20,"16",385,2671800,6940
"影輝苑 A座",12,"16",385,2599800,6753
"影輝苑 A座",4,"16",385,2511700,6524
"影輝苑 A座",34,"17",287,2031200,7077
"影輝苑 A座",26,"17",287,1997600,6960
"影輝苑 A座",18,"17",287,1954200,6809
"影輝苑 A座",10,"17",287,1898900,6616
"影輝苑 A座",2,"17",287,1700400,5925
"影輝苑 A座",34,"18",287,2014400,7019
"影輝苑 A座",24,"18",287,1970800,6867
"影輝苑 A座",14,"18",287,1910600,6657
"影輝苑 A座",4,"18",287,1831700,6382
"影輝苑 A座",35,"19",384,2721200,7086
"影輝苑 A座",27,"19",384,2678300,6975
"影輝苑 A座",19,"19",384,2621700,6827
"影輝苑 A座",11,"19",384,2549700,6640
"影輝苑 A座",3,"19",384,2430100,6328
"影輝苑 A座",38,"20",384,2768400,7209
"影輝苑 A座",30,"20",384,2732400,7116
"影輝苑 A座",22,"20",384,2678000,6974
"影輝苑 A座",14,"20",384,2610400,6798
"影輝苑 A座",6,"20",384,2526900,6580
"影輝苑 A座",37,"21",384,2858500,7444
"影輝苑 A座",31,"21",384,2811200,7321
"影輝苑 A座",25,"21",384,2772700,7221
"影輝苑 A座",19,"21",384,2729700,7109
"影輝苑 A座",13,"21",384,2675700,6968
"影輝苑 A座",7,"21",384,2612500,6803
"影輝苑 A座",37,"22",447,3340500,7473
"影輝苑 A座",32,"22",447,3290800,7362
"影輝苑 A座",27,"22",447,3257000,7286
"影輝苑 A座",22,"22",447,3218000,7199
"影輝苑 A座",17,"22",447,3170900,7094
"影輝苑 A座",12,"22",447,3118400,6976
"影輝苑 A座",7,"22",447,3055500,6836
"影輝苑 B座",37,"1",448,3233400,7217
"影輝苑 B座",31,"1",448,3202200,7148
"影輝苑 B座",25,"1",448,3157500,7048
"影輝苑 B座",19,"1",448,3107500,6936
"影輝苑 B座",13,"1",448,3044500,6796
"影輝苑 B座",7,"1",448,2971100,6632
"影輝苑 B座",36,"2",283,2012700,7112
"影輝苑 B座",26,"2",283,1972900,6971
"影輝苑 B座",16,"2",283,1916500,6772
"影輝苑 B座",6,"2",283,1842000,6509
"影輝苑 B座",35,"3",381,2731600,7170
"影輝苑 B座",28,"3",381,2695700,7075
"影輝苑 B座",21,"3",381,2648800,6952
"影輝苑 B座",14,"3",381,2588700,6794
"影輝苑 B座",7,"3",381,2517200,6607
"影輝苑 B座",34,"4",381,2820800,7404
"影輝苑 B座",27,"4",381,2782700,7304
"影輝苑 B座",20,"4",381,2735800,7181
"影輝苑 B座",13,"4",381,2653300,6964
"影輝苑 B座",6,"4",381,2579500,6770
"影輝苑 B座",35,"5",283,2080700,7352
"影輝苑 B座",25,"5",283,2039200,7206
"影輝苑 B座",15,"5",283,1966200,6948
"影輝苑 B座",5,"5",283,1890000,6678
"影輝苑 B座",33,"6",385,2841400,7380
"影輝苑 B座",26,"6",385,2800700,7275
"影輝苑 B座",19,"6",385,2741800,7122
"影輝苑 B座",12,"6",385,2667500,6929
"影輝苑 B座",5,"6",385,2590700,6729
"影輝苑 B座",34,"7",287,2059900,7177
"影輝苑 B座",24,"7",287,2011200,7008
"影輝苑 B座",14,"7",287,1945900,6780
"影輝苑 B座",4,"7",287,1867000,6505
"影輝苑 B座",37,"8",287,2073400,7224
"影輝苑 B座",27,"8",287,2034600,7089
"影輝苑 B座",17,"8",287,1969300,6862
"影輝苑 B座",7,"8",287,1895500,6605
"影輝苑 B座",36,"9",549,4140500,7542
"影輝苑 B座",30,"9",549,4102100,7472
"影輝苑 B座",24,"9",549,4044500,7367
"影輝苑 B座",18,"9",549,3980300,7250
"影輝苑 B座",12,"9",549,3874100,7057
"影輝苑 B座",6,"9",549,3780700,6887
"影輝苑 B座",35,"10",550,4142600,7532
"影輝苑 B座",29,"10",550,4100900,7456
"影輝苑 B座",23,"10",550,4042700,7350
"影輝苑 B座",17,"10",550,3974900,7227
"影輝苑 B座",11,"10",550,3868600,7034
"影輝苑 B座",5,"10",550,3772000,6858
"影輝苑 B座",32,"11",391,2872100,7346
"影輝苑 B座",25,"11",391,2828400,7234
"影輝苑 B座",18,"11",391,2775500,7098
"影輝苑 B座",11,"11",391,2690700,6882
"影輝苑 B座",4,"11",391,2610900,6677
"影輝苑 B座",36,"12",292,2143700,7341
"影輝苑 B座",26,"12",292,2102900,7202
"影輝苑 B座",16,"12",292,2038200,6980
"影輝苑 B座",6,"12",292,1953000,6688
"影輝苑 B座",37,"13",391,2906500,7434
"影輝苑 B座",30,"13",391,2874300,7351
"影輝苑 B座",23,"13",391,2826000,7228
"影輝苑 B座",16,"13",391,2759400,7057
"影輝苑 B座",9,"13",391,2679300,6852
"影輝苑 B座",36,"14",401,2988900,7454
"影輝苑 B座",29,"14",401,2953600,7366
"影輝苑 B座",22,"14",401,2903900,7242
"影輝苑 B座",15,"14",401,2826200,7048
"影輝苑 B座",8,"14",401,2748500,6854
"影輝苑 B座",34,"15",463,3341900,7218
"影輝苑 B座",27,"15",463,3296000,7119
"影輝苑 B座",20,"15",463,3244700,7008
"影輝苑 B座",13,"15",463,3169100,6845
"影輝苑 B座",6,"15",463,3079500,6651
"影輝苑 B座",35,"16",377,2695900,7151
"影輝苑 B座",28,"16",377,2660700,7058
"影輝苑 B座",21,"16",377,2618900,6947
"影輝苑 B座",14,"16",377,2559500,6789
"影輝苑 B座",7,"16",377,2489100,6602
"影輝苑 B座",35,"17",285,2021200,7092
"影輝苑 B座",25,"17",285,1979700,6946
"影輝苑 B座",15,"17",285,1924500,6753
"影輝苑 B座",5,"17",285,1847300,6482
"影輝苑 B座",34,"18",385,2742100,7122
"影輝苑 B座",27,"18",385,2703700,7023
"影輝苑 B座",20,"18",385,2660600,6911
"影輝苑 B座",13,"18",385,2597600,6747
"影輝苑 B座",6,"18",385,2523100,6554
"影輝苑 B座",34,"19",287,2076700,7236
"影輝苑 B座",24,"19",287,2029700,7072
"影輝苑 B座",14,"19",287,1969500,6862
"影輝苑 B座",4,"19",287,1890600,6587
"影輝苑 B座",37,"20",287,2070000,7213
"影輝苑 B座",29,"20",287,2041200,7112
"影輝苑 B座",21,"20",287,1997800,6961
"影輝苑 B座",13,"20",287,1945900,6780
"影輝苑 B座",5,"20",287,1882100,6558
"影輝苑 B座",33,"21",391,2876700,7357
"影輝苑 B座",26,"21",391,2835300,7251
"影輝苑 B座",19,"21",391,2780200,7110
"影輝苑 B座",12,"21",391,2715800,6946
"影輝苑 B座",5,"21",391,2638200,6747
"影輝苑 B座",32,"22",391,2776100,7100
"影輝苑 B座",25,"22",391,2732400,6988
"影輝苑 B座",18,"22",391,2679500,6853
"影輝苑 B座",11,"22",391,2615100,6688
"欣雅苑",50,"1",448,3217500,7182
"欣雅苑",49,"1",448,3244600,7242
"欣雅苑",48,"1",448,3239200,7230
"欣雅苑",47,"1",448,3233800,7218
"欣雅苑",46,"1",448,3228400,7206
"欣雅苑",45,"1",448,3223000,7194
"欣雅苑",44,"1",448,3217600,7182
"欣雅苑",43,"1",448,3212200,7170
"欣雅苑",42,"1",448,3206800,7158
"欣雅苑",41,"1",448,3201400,7146
"欣雅苑",40,"1",448,3196000,7134
"欣雅苑",39,"1",448,3190600,7122
"欣雅苑",38,"1",448,3185200,7110
"欣雅苑",37,"1",448,3179800,7098
"欣雅苑",36,"1",448,3174400,7086
"欣雅苑",35,"1",448,3169000,7074
"欣雅苑",34,"1",448,3163600,7062
"欣雅苑",33,"1",448,3158200,7050
"欣雅苑",32,"1",448,3152800,7038
"欣雅苑",31,"1",448,3147400,7025
"欣雅苑",30,"1",448,3142000,7013
"欣雅苑",29,"1",448,3133900,6995
"欣雅苑",28,"1",448,3125800,6977
"欣雅苑",27,"1",448,3117700,6959
"欣雅苑",26,"1",448,3109600,6941
"欣雅苑",24,"1",448,3093300,6905
"欣雅苑",23,"1",448,3085200,6887
"欣雅苑",22,"1",448,3077100,6869
"欣雅苑",21,"1",448,3069000,6850
"欣雅苑",20,"1",448,3060900,6832
"欣雅苑",19,"1",448,3050100,6808
"欣雅苑",18,"1",448,3039300,6784
"欣雅苑",17,"1",448,3028500,6760
"欣雅苑",16,"1",448,3017700,6736
"欣雅苑",15,"1",448,3006900,6712
"欣雅苑",14,"1",448,2996100,6688
"欣雅苑",13,"1",448,2985300,6664
"欣雅苑",12,"1",448,2974500,6640
"欣雅苑",11,"1",448,2963700,6615
"欣雅苑",10,"1",448,2950200,6585
"欣雅苑",9,"1",448,2936700,6555
"欣雅苑",8,"1",448,2923200,6525
"欣雅苑",7,"1",448,2904200,6483
"欣雅苑",6,"1",448,2879800,6428
"欣雅苑",5,"1",448,2828300,6313
"欣雅苑",4,"1",448,2728100,6090
"欣雅苑",50,"2",448,3263600,7285
"欣雅苑",49,"2",448,3290700,7345
"欣雅苑",48,"2",448,3285300,7333
"欣雅苑",47,"2",448,3279900,7321
"欣雅苑",46,"2",448,3274500,7309
"欣雅苑",45,"2",448,3269100,7297
"欣雅苑",44,"2",448,3263700,7285
"欣雅苑",43,"2",448,3258300,7273
"欣雅苑",42,"2",448,3252900,7261
"欣雅苑",41,"2",448,3247500,7249
"欣雅苑",40,"2",448,3242100,7237
"欣雅苑",39,"2",448,3236700,7225
"欣雅苑",38,"2",448,3231300,7213
"欣雅苑",37,"2",448,3225900,7201
"欣雅苑",36,"2",448,3220500,7189
"欣雅苑",35,"2",448,3215100,7177
"欣雅苑",34,"2",448,3209700,7165
"欣雅苑",33,"2",448,3204300,7152
"欣雅苑",32,"2",448,3198900,7140
"欣雅苑",31,"2",448,3193500,7128
"欣雅苑",30,"2",448,3188100,7116
"欣雅苑",29,"2",448,3180000,7098
"欣雅苑",28,"2",448,3171900,7080
"欣雅苑",27,"2",448,3163800,7062
"欣雅苑",26,"2",448,3155700,7044
"欣雅苑",24,"2",448,3139400,7008
"欣雅苑",23,"2",448,3131300,6990
"欣雅苑",22,"2",448,3123200,6971
"欣雅苑",21,"2",448,3115100,6953
"欣雅苑",20,"2",448,3107000,6935
"欣雅苑",19,"2",448,3096200,6911
"欣雅苑",18,"2",448,3085400,6887
"欣雅苑",17,"2",448,3074600,6863
"欣雅苑",16,"2",448,3063800,6839
"欣雅苑",15,"2",448,3053000,6815
"欣雅苑",14,"2",448,3042200,6791
"欣雅苑",13,"2",448,3031400,6767
"欣雅苑",12,"2",448,3020600,6742
"欣雅苑",11,"2",448,3009800,6718
"欣雅苑",10,"2",448,2996300,6688
"欣雅苑",9,"2",448,2982800,6658
"欣雅苑",8,"2",448,2969300,6628
"欣雅苑",7,"2",448,2950300,6585
"欣雅苑",6,"2",448,2925900,6531
"欣雅苑",5,"2",448,2901500,6477
"欣雅苑",4,"2",448,2863600,6392
"欣雅苑",50,"3",485,3565300,7351
"欣雅苑",49,"3",485,3594700,7412
"欣雅苑",48,"3",485,3588800,7400
"欣雅苑",47,"3",485,3582900,7387
"欣雅苑",46,"3",485,3577000,7375
"欣雅苑",45,"3",485,3571100,7363
"欣雅苑",44,"3",485,3565200,7351
"欣雅苑",43,"3",485,3559300,7339
"欣雅苑",42,"3",485,3553400,7327
"欣雅苑",41,"3",485,3547500,7314
"欣雅苑",40,"3",485,3541600,7302
"欣雅苑",39,"3",485,3535700,7290
"欣雅苑",38,"3",485,3529800,7278
"欣雅苑",37,"3",485,3523900,7266
"欣雅苑",36,"3",485,3518000,7254
"欣雅苑",35,"3",485,3512100,7241
"欣雅苑",34,"3",485,3506200,7229
"欣雅苑",33,"3",485,3500300,7217
"欣雅苑",32,"3",485,3494400,7205
"欣雅苑",31,"3",485,3488500,7193
"欣雅苑",30,"3",485,3482600,7181
"欣雅苑",29,"3",485,3473800,7162
"欣雅苑",28,"3",485,3465000,7144
"欣雅苑",27,"3",485,3456200,7126
"欣雅苑",26,"3",485,3447400,7108
"欣雅苑",24,"3",485,3429800,7072
"欣雅苑",23,"3",485,3421000,7054
"欣雅苑",22,"3",485,3412200,7035
"欣雅苑",21,"3",485,3403400,7017
"欣雅苑",20,"3",485,3394600,6999
"欣雅苑",19,"3",485,3382900,6975
"欣雅苑",18,"3",485,3371200,6951
"欣雅苑",17,"3",485,3359500,6927
"欣雅苑",16,"3",485,3347800,6903
"欣雅苑",15,"3",485,3336100,6879
"欣雅苑",14,"3",485,3324400,6854
"欣雅苑",13,"3",485,3312700,6830
"欣雅苑",12,"3",485,3301000,6806
"欣雅苑",11,"3",485,3289300,6782
"欣雅苑",10,"3",485,3274600,6752
"欣雅苑",9,"3",485,3259900,6721
"欣雅苑",8,"3",485,3245200,6691
"欣雅苑",7,"3",485,3224600,6649
"欣雅苑",6,"3",485,3198200,6594
"欣雅苑",5,"3",485,3171800,6540
"欣雅苑",4,"3",485,3060200,6310
"欣雅苑",50,"4",488,3663100,7506
"欣雅苑",49,"4",488,3692600,7567
"欣雅苑",48,"4",488,3686700,7555
"欣雅苑",47,"4",488,3680800,7543
"欣雅苑",46,"4",488,3674900,7531
"欣雅苑",45,"4",488,3669000,7518
"欣雅苑",44,"4",488,3663100,7506
"欣雅苑",43,"4",488,3657200,7494
"欣雅苑",42,"4",488,3651300,7482
"欣雅苑",41,"4",488,3645400,7470
"欣雅苑",40,"4",488,3639500,7458
"欣雅苑",39,"4",488,3633600,7446
"欣雅苑",38,"4",488,3624800,7428
"欣雅苑",37,"4",488,3616000,7410
"欣雅苑",36,"4",488,3607200,7392
"欣雅苑",35,"4",488,3598400,7374
"欣雅苑",34,"4",488,3592500,7362
"欣雅苑",33,"4",488,3586600,7350
"欣雅苑",32,"4",488,3580700,7338
"欣雅苑",31,"4",488,3574800,7325
"欣雅苑",30,"4",488,3568900,7313
"欣雅苑",29,"4",488,3560100,7295
"欣雅苑",28,"4",488,3551300,7277
"欣雅苑",27,"4",488,3542500,7259
"欣雅苑",26,"4",488,3533700,7241
"欣雅苑",24,"4",488,3516000,7205
"欣雅苑",23,"4",488,3507200,7187
"欣雅苑",22,"4",488,3498400,7169
"欣雅苑",21,"4",488,3489600,7151
"欣雅苑",20,"4",488,3480800,7133
"欣雅苑",19,"4",488,3469000,7109
"欣雅苑",18,"4",488,3457200,7084
"欣雅苑",17,"4",488,3445400,7060
"欣雅苑",16,"4",488,3433600,7036
"欣雅苑",15,"4",488,3421800,7012
"欣雅苑",14,"4",488,3410000,6988
"欣雅苑",13,"4",488,3398200,6964
"欣雅苑",12,"4",488,3386400,6939
"欣雅苑",11,"4",488,3374600,6915
"欣雅苑",10,"4",488,3359900,6885
"欣雅苑",9,"4",488,3345200,6855
"欣雅苑",8,"4",488,3330500,6825
"欣雅苑",7,"4",488,3309900,6783
"欣雅苑",6,"4",488,3283400,6728
"欣雅苑",5,"4",488,3256900,6674
"欣雅苑",4,"4",488,3150700,6456
"欣雅苑",50,"5",489,3606500,7375
"欣雅苑",49,"5",489,3636100,7436
"欣雅苑",48,"5",489,3630200,7424
"欣雅苑",47,"5",489,3624300,7412
"欣雅苑",46,"5",489,3618400,7400
"欣雅苑",45,"5",489,3612500,7388
"欣雅苑",44,"5",489,3606600,7375
"欣雅苑",43,"5",489,3600700,7363
"欣雅苑",42,"5",489,3594800,7351
"欣雅苑",41,"5",489,3588900,7339
"欣雅苑",40,"5",489,3583000,7327
"欣雅苑",39,"5",489,3577100,7315
"欣雅苑",38,"5",489,3568200,7297
"欣雅苑",37,"5",489,3559300,7279
"欣雅苑",36,"5",489,3550400,7261
"欣雅苑",35,"5",489,3541500,7242
"欣雅苑",34,"5",489,3535600,7230
"欣雅苑",33,"5",489,3529700,7218
"欣雅苑",32,"5",489,3523800,7206
"欣雅苑",31,"5",489,3517900,7194
"欣雅苑",30,"5",489,3512000,7182
"欣雅苑",29,"5",489,3503100,7164
"欣雅苑",28,"5",489,3494200,7146
"欣雅苑",27,"5",489,3485300,7127
"欣雅苑",26,"5",489,3476400,7109
"欣雅苑",24,"5",489,3458700,7073
"欣雅苑",23,"5",489,3449800,7055
"欣雅苑",22,"5",489,3440900,7037
"欣雅苑",21,"5",489,3432000,7018
"欣雅苑",20,"5",489,3423100,7000
"欣雅苑",19,"5",489,3411300,6976
"欣雅苑",18,"5",489,3399500,6952
"欣雅苑",17,"5",489,3387700,6928
"欣雅苑",16,"5",489,3375900,6904
"欣雅苑",15,"5",489,3364100,6880
"欣雅苑",14,"5",489,3352300,6855
"欣雅苑",13,"5",489,3340500,6831
"欣雅苑",12,"5",489,3328700,6807
"欣雅苑",11,"5",489,3316900,6783
"欣雅苑",10,"5",489,3302100,6753
"欣雅苑",9,"5",489,3287300,6722
"欣雅苑",8,"5",489,3272500,6692
"欣雅苑",7,"5",489,3257700,6662
"欣雅苑",6,"5",489,3242900,6632
"欣雅苑",5,"5",489,3154200,6450
"欣雅苑",4,"5",489,3089200,6317
"欣雅苑",50,"6",485,3521100,7260
"欣雅苑",49,"6",485,3550500,7321
"欣雅苑",48,"6",485,3544600,7308
"欣雅苑",47,"6",485,3538700,7296
"欣雅苑",46,"6",485,3532800,7284
"欣雅苑",45,"6",485,3526900,7272
"欣雅苑",44,"6",485,3521000,7260
"欣雅苑",43,"6",485,3515100,7248
"欣雅苑",42,"6",485,3509200,7235
"欣雅苑",41,"6",485,3503300,7223
"欣雅苑",40,"6",485,3497400,7211
"欣雅苑",39,"6",485,3491500,7199
"欣雅苑",38,"6",485,3482700,7181
"欣雅苑",37,"6",485,3473900,7163
"欣雅苑",36,"6",485,3465100,7145
"欣雅苑",35,"6",485,3456300,7126
"欣雅苑",34,"6",485,3450400,7114
"欣雅苑",33,"6",485,3444500,7102
"欣雅苑",32,"6",485,3438600,7090
"欣雅苑",31,"6",485,3432700,7078
"欣雅苑",30,"6",485,3426800,7066
"欣雅苑",29,"6",485,3418000,7047
"欣雅苑",28,"6",485,3409200,7029
"欣雅苑",27,"6",485,3400400,7011
"欣雅苑",26,"6",485,3391600,6993
"欣雅苑",24,"6",485,3374000,6957
"欣雅苑",23,"6",485,3365200,6939
"欣雅苑",22,"6",485,3356400,6920
"欣雅苑",21,"6",485,3347600,6902
"欣雅苑",20,"6",485,3338800,6884
"欣雅苑",19,"6",485,3327100,6860
"欣雅苑",18,"6",485,3315400,6836
"欣雅苑",17,"6",485,3303700,6812
"欣雅苑",16,"6",485,3292000,6788
"欣雅苑",15,"6",485,3280300,6764
"欣雅苑",14,"6",485,3268600,6739
"欣雅苑",13,"6",485,3256900,6715
"欣雅苑",12,"6",485,3245200,6691
"欣雅苑",11,"6",485,3233500,6667
"欣雅苑",10,"6",485,3218800,6637
"欣雅苑",9,"6",485,3204100,6606
"欣雅苑",8,"6",485,3189400,6576
"欣雅苑",7,"6",485,3174700,6546
"欣雅苑",6,"6",485,3160000,6515
"欣雅苑",5,"6",485,3145300,6485
"欣雅苑",4,"6",485,3080700,6352
"欣雅苑",50,"7",448,3214800,7176
"欣雅苑",49,"7",448,3241900,7236
"欣雅苑",48,"7",448,3236500,7224
"欣雅苑",47,"7",448,3231100,7212
"欣雅苑",46,"7",448,3225700,7200
"欣雅苑",45,"7",448,3220300,7188
"欣雅苑",44,"7",448,3214900,7176
"欣雅苑",43,"7",448,3209500,7164
"欣雅苑",42,"7",448,3204100,7152
"欣雅苑",41,"7",448,3198700,7140
"欣雅苑",40,"7",448,3193300,7128
"欣雅苑",39,"7",448,3187900,7116
"欣雅苑",38,"7",448,3179800,7098
"欣雅苑",37,"7",448,3171700,7080
"欣雅苑",36,"7",448,3163600,7062
"欣雅苑",35,"7",448,3155500,7044
"欣雅苑",34,"7",448,3150100,7031
"欣雅苑",33,"7",448,3144700,7019
"欣雅苑",32,"7",448,3139300,7007
"欣雅苑",31,"7",448,3133900,6995
"欣雅苑",30,"7",448,3128500,6983
"欣雅苑",29,"7",448,3120400,6965
"欣雅苑",28,"7",448,3112300,6947
"欣雅苑",27,"7",448,3104200,6929
"欣雅苑",26,"7",448,3096100,6911
"欣雅苑",24,"7",448,3079800,6875
"欣雅苑",23,"7",448,3071700,6856
"欣雅苑",22,"7",448,3063600,6838
"欣雅苑",21,"7",448,3055500,6820
"欣雅苑",20,"7",448,3047400,6802
"欣雅苑",19,"7",448,3036600,6778
"欣雅苑",18,"7",448,3025800,6754
"欣雅苑",17,"7",448,3015000,6730
"欣雅苑",16,"7",448,3004200,6706
"欣雅苑",15,"7",448,2993400,6682
"欣雅苑",14,"7",448,2982600,6658
"欣雅苑",13,"7",448,2971800,6633
"欣雅苑",12,"7",448,2961000,6609
"欣雅苑",11,"7",448,2950200,6585
"欣雅苑",10,"7",448,2936700,6555
"欣雅苑",9,"7",448,2923200,6525
"欣雅苑",8,"7",448,2909700,6495
"欣雅苑",7,"7",448,2896200,6465
"欣雅苑",6,"7",448,2882700,6435
"欣雅苑",5,"7",448,2869200,6404
"欣雅苑",4,"7",448,2836700,6332
"欣雅苑",50,"8",448,3152500,7037
"欣雅苑",49,"8",448,3179600,7097
"欣雅苑",48,"8",448,3174200,7085
"欣雅苑",47,"8",448,3168800,7073
"欣雅苑",46,"8",448,3163400,7061
"欣雅苑",45,"8",448,3158000,7049
"欣雅苑",44,"8",448,3152600,7037
"欣雅苑",43,"8",448,3147200,7025
"欣雅苑",42,"8",448,3141800,7013
"欣雅苑",41,"8",448,3136400,7001
"欣雅苑",40,"8",448,3131000,6989
"欣雅苑",39,"8",448,3125600,6977
"欣雅苑",38,"8",448,3117500,6959
"欣雅苑",37,"8",448,3109400,6941
"欣雅苑",36,"8",448,3101300,6923
"欣雅苑",35,"8",448,3093200,6904
"欣雅苑",34,"8",448,3087800,6892
"欣雅苑",33,"8",448,3082400,6880
"欣雅苑",32,"8",448,3077000,6868
"欣雅苑",31,"8",448,3071600,6856
"欣雅苑",30,"8",448,3066200,6844
"欣雅苑",29,"8",448,3058100,6826
"欣雅苑",28,"8",448,3050000,6808
"欣雅苑",27,"8",448,3041900,6790
"欣雅苑",26,"8",448,3033800,6772
"欣雅苑",24,"8",448,3017500,6735
"欣雅苑",23,"8",448,3009400,6717
"欣雅苑",22,"8",448,3001300,6699
"欣雅苑",21,"8",448,2993200,6681
"欣雅苑",20,"8",448,2985100,6663
"欣雅苑",19,"8",448,2974300,6639
"欣雅苑",18,"8",448,2963500,6615
"欣雅苑",17,"8",448,2952700,6591
"欣雅苑",16,"8",448,2941900,6567
"欣雅苑",15,"8",448,2931100,6543
"欣雅苑",14,"8",448,2920300,6519
"欣雅苑",13,"8",448,2909500,6494
"欣雅苑",12,"8",448,2898700,6470
"欣雅苑",11,"8",448,2887900,6446
"欣雅苑",10,"8",448,2874400,6416
"欣雅苑",9,"8",448,2860900,6386
"欣雅苑",8,"8",448,2847400,6356
"欣雅苑",7,"8",448,2833900,6326
"欣雅苑",6,"8",448,2820400,6296
"欣雅苑",5,"8",448,2806900,6265
"欣雅苑",4,"8",448,2758100,6156
"欣雅苑",50,"9",448,3293400,7351
"欣雅苑",49,"9",448,3320500,7412
"欣雅苑",48,"9",448,3315100,7400
"欣雅苑",47,"9",448,3309700,7388
"欣雅苑",46,"9",448,3304300,7376
"欣雅苑",45,"9",448,3298900,7364
"欣雅苑",44,"9",448,3293500,7352
"欣雅苑",43,"9",448,3288100,7340
"欣雅苑",42,"9",448,3282700,7327
"欣雅苑",41,"9",448,3277300,7315
"欣雅苑",40,"9",448,3271900,7303
"欣雅苑",39,"9",448,3266500,7291
"欣雅苑",38,"9",448,3258400,7273
"欣雅苑",37,"9",448,3250300,7255
"欣雅苑",36,"9",448,3242200,7237
"欣雅苑",35,"9",448,3234100,7219
"欣雅苑",34,"9",448,3228700,7207
"欣雅苑",33,"9",448,3223300,7195
"欣雅苑",32,"9",448,3217900,7183
"欣雅苑",31,"9",448,3212500,7171
"欣雅苑",30,"9",448,3207100,7159
"欣雅苑",29,"9",448,3199000,7141
"欣雅苑",28,"9",448,3190900,7123
"欣雅苑",27,"9",448,3182800,7104
"欣雅苑",26,"9",448,3174700,7086
"欣雅苑",24,"9",448,3158400,7050
"欣雅苑",23,"9",448,3150300,7032
"欣雅苑",22,"9",448,3142200,7014
"欣雅苑",21,"9",448,3134100,6996
"欣雅苑",20,"9",448,3126000,6978
"欣雅苑",19,"9",448,3115200,6954
"欣雅苑",18,"9",448,3104400,6929
"欣雅苑",17,"9",448,3093600,6905
"欣雅苑",16,"9",448,3082800,6881
"欣雅苑",15,"9",448,3072000,6857
"欣雅苑",14,"9",448,3061200,6833
"欣雅苑",13,"9",448,3050400,6809
"欣雅苑",12,"9",448,3039600,6785
"欣雅苑",11,"9",448,3028800,6761
"欣雅苑",10,"9",448,3009800,6718
"欣雅苑",9,"9",448,2996300,6688
"欣雅苑",8,"9",448,2982800,6658
"欣雅苑",7,"9",448,2969300,6628
"欣雅苑",6,"9",448,2942200,6567
"欣雅苑",5,"9",448,2928700,6537
"欣雅苑",4,"9",448,2877200,6422
"欣雅苑",50,"10",489,3591700,7345
"欣雅苑",49,"10",489,3621300,7406
"欣雅苑",48,"10",489,3615400,7393
"欣雅苑",47,"10",489,3609500,7381
"欣雅苑",46,"10",489,3603600,7369
"欣雅苑",45,"10",489,3597700,7357
"欣雅苑",44,"10",489,3591800,7345
"欣雅苑",43,"10",489,3585900,7333
"欣雅苑",42,"10",489,3580000,7321
"欣雅苑",41,"10",489,3574100,7309
"欣雅苑",40,"10",489,3568200,7297
"欣雅苑",39,"10",489,3562300,7285
"欣雅苑",38,"10",489,3553400,7267
"欣雅苑",37,"10",489,3544500,7248
"欣雅苑",36,"10",489,3535600,7230
"欣雅苑",35,"10",489,3526700,7212
"欣雅苑",34,"10",489,3520800,7200
"欣雅苑",33,"10",489,3514900,7188
"欣雅苑",32,"10",489,3509000,7176
"欣雅苑",31,"10",489,3503100,7164
"欣雅苑",30,"10",489,3497200,7152
"欣雅苑",29,"10",489,3488300,7134
"欣雅苑",28,"10",489,3479400,7115
"欣雅苑",27,"10",489,3470500,7097
"欣雅苑",26,"10",489,3461600,7079
"欣雅苑",24,"10",489,3443900,7043
"欣雅苑",23,"10",489,3435000,7025
"欣雅苑",22,"10",489,3426100,7006
"欣雅苑",21,"10",489,3417200,6988
"欣雅苑",20,"10",489,3408300,6970
"欣雅苑",19,"10",489,3396500,6946
"欣雅苑",18,"10",489,3384700,6922
"欣雅苑",17,"10",489,3372900,6898
"欣雅苑",16,"10",489,3361100,6873
"欣雅苑",15,"10",489,3349300,6849
"欣雅苑",14,"10",489,3337500,6825
"欣雅苑",13,"10",489,3325700,6801
"欣雅苑",12,"10",489,3313900,6777
"欣雅苑",11,"10",489,3302100,6753
"欣雅苑",10,"10",489,3281400,6710
"欣雅苑",9,"10",489,3266600,6680
"欣雅苑",8,"10",489,3251800,6650
"欣雅苑",7,"10",489,3237000,6620
"欣雅苑",6,"10",489,3207400,6559
"欣雅苑",5,"10",489,3192600,6529
"欣雅苑",4,"10",489,3130500,6402
"欣雅苑",50,"11",489,3461400,7079
"欣雅苑",49,"11",489,3491000,7139
"欣雅苑",48,"11",489,3485100,7127
"欣雅苑",47,"11",489,3479200,7115
"欣雅苑",46,"11",489,3473300,7103
"欣雅苑",45,"11",489,3467400,7091
"欣雅苑",44,"11",489,3461500,7079
"欣雅苑",43,"11",489,3455600,7067
"欣雅苑",42,"11",489,3449700,7055
"欣雅苑",41,"11",489,3443800,7043
"欣雅苑",40,"11",489,3437900,7030
"欣雅苑",39,"11",489,3432000,7018
"欣雅苑",38,"11",489,3426100,7006
"欣雅苑",37,"11",489,3420200,6994
"欣雅苑",36,"11",489,3414300,6982
"欣雅苑",35,"11",489,3408400,6970
"欣雅苑",34,"11",489,3402500,6958
"欣雅苑",33,"11",489,3396600,6946
"欣雅苑",32,"11",489,3390700,6934
"欣雅苑",31,"11",489,3384800,6922
"欣雅苑",30,"11",489,3378900,6910
"欣雅苑",29,"11",489,3370000,6892
"欣雅苑",28,"11",489,3361100,6873
"欣雅苑",27,"11",489,3352200,6855
"欣雅苑",26,"11",489,3340400,6831
"欣雅苑",24,"11",489,3319700,6789
"欣雅苑",23,"11",489,3307900,6765
"欣雅苑",22,"11",489,3296100,6740
"欣雅苑",21,"11",489,3284300,6716
"欣雅苑",20,"11",489,3272500,6692
"欣雅苑",19,"11",489,3257700,6662
"欣雅苑",18,"11",489,3242900,6632
"欣雅苑",17,"11",489,3228100,6601
"欣雅苑",16,"11",489,3213300,6571
"欣雅苑",15,"11",489,3198500,6541
"欣雅苑",14,"11",489,3186700,6517
"欣雅苑",13,"11",489,3174900,6493
"欣雅苑",12,"11",489,3163100,6469
"欣雅苑",11,"11",489,3151300,6444
"欣雅苑",10,"11",489,3118800,6378
"欣雅苑",9,"11",489,3104000,6348
"欣雅苑",8,"11",489,3089200,6317
"欣雅苑",7,"11",489,3065600,6269
"欣雅苑",6,"11",489,3050800,6239
"欣雅苑",5,"11",489,3036000,6209
"欣雅苑",4,"11",489,2988700,6112
"欣雅苑",50,"12",448,3157900,7049
"欣雅苑",49,"12",448,3185000,7109
"欣雅苑",48,"12",448,3179600,7097
"欣雅苑",47,"12",448,3174200,7085
"欣雅苑",46,"12",448,3168800,7073
"欣雅苑",45,"12",448,3163400,7061
"欣雅苑",44,"12",448,3158000,7049
"欣雅苑",43,"12",448,3152600,7037
"欣雅苑",42,"12",448,3147200,7025
"欣雅苑",41,"12",448,3141800,7013
"欣雅苑",40,"12",448,3136400,7001
"欣雅苑",39,"12",448,3131000,6989
"欣雅苑",38,"12",448,3125600,6977
"欣雅苑",37,"12",448,3120200,6965
"欣雅苑",36,"12",448,3114800,6953
"欣雅苑",35,"12",448,3109400,6941
"欣雅苑",34,"12",448,3104000,6929
"欣雅苑",33,"12",448,3098600,6917
"欣雅苑",32,"12",448,3093200,6904
"欣雅苑",31,"12",448,3087800,6892
"欣雅苑",30,"12",448,3082400,6880
"欣雅苑",29,"12",448,3074300,6862
"欣雅苑",28,"12",448,3066200,6844
"欣雅苑",27,"12",448,3058100,6826
"欣雅苑",26,"12",448,3047300,6802
"欣雅苑",24,"12",448,3028300,6760
"欣雅苑",23,"12",448,3017500,6735
"欣雅苑",22,"12",448,3006700,6711
"欣雅苑",21,"12",448,2995900,6687
"欣雅苑",20,"12",448,2985100,6663
"欣雅苑",19,"12",448,2971600,6633
"欣雅苑",18,"12",448,2958100,6603
"欣雅苑",17,"12",448,2944600,6573
"欣雅苑",16,"12",448,2931100,6543
"欣雅苑",15,"12",448,2917600,6513
"欣雅苑",14,"12",448,2906800,6488
"欣雅苑",13,"12",448,2896000,6464
"欣雅苑",12,"12",448,2885200,6440
"欣雅苑",11,"12",448,2874400,6416
"欣雅苑",10,"12",448,2844600,6350
"欣雅苑",9,"12",448,2831100,6319
"欣雅苑",8,"12",448,2817600,6289
"欣雅苑",7,"12",448,2795900,6241
"欣雅苑",6,"12",448,2782400,6211
"欣雅苑",5,"12",448,2768900,6181
"欣雅苑",4,"12",448,2709300,6048
"欣雅苑",50,"13",448,3166000,7067
"欣雅苑",49,"13",448,3220200,7188
"欣雅苑",48,"13",448,3214800,7176
"欣雅苑",47,"13",448,3209400,7164
"欣雅苑",46,"13",448,3204000,7152
"欣雅苑",45,"13",448,3198600,7140
"欣雅苑",44,"13",448,3193200,7128
"欣雅苑",43,"13",448,3187800,7116
"欣雅苑",42,"13",448,3182400,7104
"欣雅苑",41,"13",448,3177000,7092
"欣雅苑",40,"13",448,3171600,7079
"欣雅苑",39,"13",448,3166200,7067
"欣雅苑",38,"13",448,3160800,7055
"欣雅苑",37,"13",448,3155400,7043
"欣雅苑",36,"13",448,3150000,7031
"欣雅苑",35,"13",448,3144600,7019
"欣雅苑",34,"13",448,3139200,7007
"欣雅苑",33,"13",448,3133800,6995
"欣雅苑",32,"13",448,3128400,6983
"欣雅苑",31,"13",448,3123000,6971
"欣雅苑",30,"13",448,3117600,6959
"欣雅苑",29,"13",448,3109500,6941
"欣雅苑",28,"13",448,3101400,6923
"欣雅苑",27,"13",448,3093300,6905
"欣雅苑",26,"13",448,3082500,6881
"欣雅苑",24,"13",448,3063500,6838
"欣雅苑",23,"13",448,3052700,6814
"欣雅苑",22,"13",448,3041900,6790
"欣雅苑",21,"13",448,3031100,6766
"欣雅苑",20,"13",448,3020300,6742
"欣雅苑",19,"13",448,3006800,6712
"欣雅苑",18,"13",448,2993300,6681
"欣雅苑",17,"13",448,2979800,6651
"欣雅苑",16,"13",448,2966300,6621
"欣雅苑",15,"13",448,2952800,6591
"欣雅苑",14,"13",448,2942000,6567
"欣雅苑",13,"13",448,2931200,6543
"欣雅苑",12,"13",448,2920400,6519
"欣雅苑",11,"13",448,2909600,6495
"欣雅苑",10,"13",448,2885200,6440
"欣雅苑",9,"13",448,2871700,6410
"欣雅苑",8,"13",448,2858200,6380
"欣雅苑",7,"13",448,2839200,6338
"欣雅苑",6,"13",448,2825700,6307
"欣雅苑",5,"13",448,2812200,6277
"欣雅苑",4,"13",448,2763400,6168
"欣雅苑",50,"14",448,3212100,7170
"欣雅苑",49,"14",448,3239200,7230
"欣雅苑",48,"14",448,3233800,7218
"欣雅苑",47,"14",448,3228400,7206
"欣雅苑",46,"14",448,3223000,7194
"欣雅苑",45,"14",448,3217600,7182
"欣雅苑",44,"14",448,3212200,7170
"欣雅苑",43,"14",448,3206800,7158
"欣雅苑",42,"14",448,3201400,7146
"欣雅苑",41,"14",448,3196000,7134
"欣雅苑",40,"14",448,3190600,7122
"欣雅苑",39,"14",448,3185200,7110
"欣雅苑",38,"14",448,3179800,7098
"欣雅苑",37,"14",448,3174400,7086
"欣雅苑",36,"14",448,3169000,7074
"欣雅苑",35,"14",448,3163600,7062
"欣雅苑",34,"14",448,3158200,7050
"欣雅苑",33,"14",448,3152800,7038
"欣雅苑",32,"14",448,3147400,7025
"欣雅苑",31,"14",448,3142000,7013
"欣雅苑",30,"14",448,3136600,7001
"欣雅苑",29,"14",448,3128500,6983
"欣雅苑",28,"14",448,3120400,6965
"欣雅苑",27,"14",448,3112300,6947
"欣雅苑",26,"14",448,3101500,6923
"欣雅苑",24,"14",448,3082500,6881
"欣雅苑",23,"14",448,3071700,6856
"欣雅苑",22,"14",448,3060900,6832
"欣雅苑",21,"14",448,3050100,6808
"欣雅苑",20,"14",448,3039300,6784
"欣雅苑",19,"14",448,3025800,6754
"欣雅苑",18,"14",448,3012300,6724
"欣雅苑",17,"14",448,2998800,6694
"欣雅苑",16,"14",448,2985300,6664
"欣雅苑",15,"14",448,2971800,6633
"欣雅苑",14,"14",448,2961000,6609
"欣雅苑",13,"14",448,2950200,6585
"欣雅苑",12,"14",448,2939400,6561
"欣雅苑",11,"14",448,2928600,6537
"欣雅苑",10,"14",448,2904200,6483
"欣雅苑",9,"14",448,2890700,6452
"欣雅苑",8,"14",448,2877200,6422
"欣雅苑",7,"14",448,2858200,6380
"欣雅苑",6,"14",448,2844700,6350
"欣雅苑",5,"14",448,2831200,6320
"欣雅苑",4,"14",448,2785200,6217
"欣雅苑",50,"15",485,3509500,7236
"欣雅苑",49,"15",485,3538900,7297
"欣雅苑",48,"15",485,3533000,7285
"欣雅苑",47,"15",485,3527100,7272
"欣雅苑",46,"15",485,3521200,7260
"欣雅苑",45,"15",485,3515300,7248
"欣雅苑",44,"15",485,3509400,7236
"欣雅苑",43,"15",485,3503500,7224
"欣雅苑",42,"15",485,3497600,7212
"欣雅苑",41,"15",485,3491700,7199
"欣雅苑",40,"15",485,3485800,7187
"欣雅苑",39,"15",485,3479900,7175
"欣雅苑",38,"15",485,3474000,7163
"欣雅苑",37,"15",485,3468100,7151
"欣雅苑",36,"15",485,3462200,7139
"欣雅苑",35,"15",485,3456300,7126
"欣雅苑",34,"15",485,3450400,7114
"欣雅苑",33,"15",485,3444500,7102
"欣雅苑",32,"15",485,3438600,7090
"欣雅苑",31,"15",485,3432700,7078
"欣雅苑",30,"15",485,3426800,7066
"欣雅苑",29,"15",485,3418000,7047
"欣雅苑",28,"15",485,3409200,7029
"欣雅苑",27,"15",485,3400400,7011
"欣雅苑",26,"15",485,3388700,6987
"欣雅苑",24,"15",485,3368100,6945
"欣雅苑",23,"15",485,3356400,6920
"欣雅苑",22,"15",485,3344700,6896
"欣雅苑",21,"15",485,3333000,6872
"欣雅苑",20,"15",485,3321300,6848
"欣雅苑",19,"15",485,3306600,6818
"欣雅苑",18,"15",485,3291900,6787
"欣雅苑",17,"15",485,3277200,6757
"欣雅苑",16,"15",485,3262500,6727
"欣雅苑",15,"15",485,3247800,6696
"欣雅苑",14,"15",485,3236100,6672
"欣雅苑",13,"15",485,3224400,6648
"欣雅苑",12,"15",485,3212700,6624
"欣雅苑",11,"15",485,3201000,6600
"欣雅苑",10,"15",485,3174600,6546
"欣雅苑",9,"15",485,3159900,6515
"欣雅苑",8,"15",485,3145200,6485
"欣雅苑",7,"15",485,3124600,6442
"欣雅苑",6,"15",485,3109900,6412
"欣雅苑",5,"15",485,3095200,6382
"欣雅苑",4,"15",485,3060000,6309
"欣雅苑",50,"16",489,3523500,7206
"欣雅苑",49,"16",489,3553100,7266
"欣雅苑",48,"16",489,3547200,7254
"欣雅苑",47,"16",489,3541300,7242
"欣雅苑",46,"16",489,3535400,7230
"欣雅苑",45,"16",489,3529500,7218
"欣雅苑",44,"16",489,3523600,7206
"欣雅苑",43,"16",489,3517700,7194
"欣雅苑",42,"16",489,3511800,7182
"欣雅苑",41,"16",489,3505900,7170
"欣雅苑",40,"16",489,3500000,7157
"欣雅苑",39,"16",489,3494100,7145
"欣雅苑",38,"16",489,3488200,7133
"欣雅苑",37,"16",489,3482300,7121
"欣雅苑",36,"16",489,3476400,7109
"欣雅苑",35,"16",489,3470500,7097
"欣雅苑",34,"16",489,3464600,7085
"欣雅苑",33,"16",489,3458700,7073
"欣雅苑",32,"16",489,3452800,7061
"欣雅苑",31,"16",489,3446900,7049
"欣雅苑",30,"16",489,3441000,7037
"欣雅苑",29,"16",489,3432100,7019
"欣雅苑",28,"16",489,3423200,7000
"欣雅苑",27,"16",489,3414300,6982
"欣雅苑",26,"16",489,3402500,6958
"欣雅苑",24,"16",489,3381800,6916
"欣雅苑",23,"16",489,3370000,6892
"欣雅苑",22,"16",489,3358200,6867
"欣雅苑",21,"16",489,3346400,6843
"欣雅苑",20,"16",489,3334600,6819
"欣雅苑",19,"16",489,3319800,6789
"欣雅苑",18,"16",489,3305000,6759
"欣雅苑",17,"16",489,3290200,6728
"欣雅苑",16,"16",489,3275400,6698
"欣雅苑",15,"16",489,3260600,6668
"欣雅苑",14,"16",489,3248800,6644
"欣雅苑",13,"16",489,3237000,6620
"欣雅苑",12,"16",489,3225200,6596
"欣雅苑",11,"16",489,3213400,6571
"欣雅苑",10,"16",489,3186800,6517
"欣雅苑",9,"16",489,3172000,6487
"欣雅苑",8,"16",489,3157200,6456
"欣雅苑",7,"16",489,3136500,6414
"欣雅苑",6,"16",489,3121700,6384
"欣雅苑",5,"16",489,3106900,6354
"欣雅苑",4,"16",489,3071400,6281
"欣雅苑",50,"17",489,3541300,7242
"欣雅苑",49,"17",489,3570900,7302
"欣雅苑",48,"17",489,3565000,7290
"欣雅苑",47,"17",489,3559100,7278
"欣雅苑",46,"17",489,3553200,7266
"欣雅苑",45,"17",489,3547300,7254
"欣雅苑",44,"17",489,3541400,7242
"欣雅苑",43,"17",489,3535500,7230
"欣雅苑",42,"17",489,3529600,7218
"欣雅苑",41,"17",489,3523700,7206
"欣雅苑",40,"17",489,3517800,7194
"欣雅苑",39,"17",489,3511900,7182
"欣雅苑",38,"17",489,3506000,7170
"欣雅苑",37,"17",489,3500100,7158
"欣雅苑",36,"17",489,3494200,7146
"欣雅苑",35,"17",489,3488300,7134
"欣雅苑",34,"17",489,3482400,7121
"欣雅苑",33,"17",489,3476500,7109
"欣雅苑",32,"17",489,3470600,7097
"欣雅苑",31,"17",489,3464700,7085
"欣雅苑",30,"17",489,3458800,7073
"欣雅苑",29,"17",489,3449900,7055
"欣雅苑",28,"17",489,3441000,7037
"欣雅苑",27,"17",489,3432100,7019
"欣雅苑",26,"17",489,3423200,7000
"欣雅苑",24,"17",489,3405500,6964
"欣雅苑",23,"17",489,3396600,6946
"欣雅苑",22,"17",489,3387700,6928
"欣雅苑",21,"17",489,3378800,6910
"欣雅苑",20,"17",489,3369900,6891
"欣雅苑",19,"17",489,3358100,6867
"欣雅苑",18,"17",489,3346300,6843
"欣雅苑",17,"17",489,3334500,6819
"欣雅苑",16,"17",489,3322700,6795
"欣雅苑",15,"17",489,3310900,6771
"欣雅苑",14,"17",489,3299100,6747
"欣雅苑",13,"17",489,3287300,6722
"欣雅苑",12,"17",489,3275500,6698
"欣雅苑",11,"17",489,3263700,6674
"欣雅苑",10,"17",489,3237100,6620
"欣雅苑",9,"17",489,3222300,6590
"欣雅苑",8,"17",489,3207500,6559
"欣雅苑",7,"17",489,3186800,6517
"欣雅苑",6,"17",489,3166100,6475
"欣雅苑",5,"17",489,3145400,6432
"欣雅苑",4,"17",489,3104000,6348
"欣雅苑",50,"18",485,3535900,7291
"欣雅苑",49,"18",485,3565300,7351
"欣雅苑",48,"18",485,3559400,7339
"欣雅苑",47,"18",485,3553500,7327
"欣雅苑",46,"18",485,3547600,7315
"欣雅苑",45,"18",485,3541700,7302
"欣雅苑",44,"18",485,3535800,7290
"欣雅苑",43,"18",485,3529900,7278
"欣雅苑",42,"18",485,3524000,7266
"欣雅苑",41,"18",485,3518100,7254
"欣雅苑",40,"18",485,3512200,7242
"欣雅苑",39,"18",485,3506300,7229
"欣雅苑",38,"18",485,3500400,7217
"欣雅苑",37,"18",485,3494500,7205
"欣雅苑",36,"18",485,3488600,7193
"欣雅苑",35,"18",485,3482700,7181
"欣雅苑",34,"18",485,3476800,7169
"欣雅苑",33,"18",485,3470900,7156
"欣雅苑",32,"18",485,3465000,7144
"欣雅苑",31,"18",485,3459100,7132
"欣雅苑",30,"18",485,3453200,7120
"欣雅苑",29,"18",485,3444400,7102
"欣雅苑",28,"18",485,3435600,7084
"欣雅苑",27,"18",485,3426800,7066
"欣雅苑",26,"18",485,3418000,7047
"欣雅苑",24,"18",485,3400400,7011
"欣雅苑",23,"18",485,3391600,6993
"欣雅苑",22,"18",485,3382800,6975
"欣雅苑",21,"18",485,3374000,6957
"欣雅苑",20,"18",485,3365200,6939
"欣雅苑",19,"18",485,3353500,6914
"欣雅苑",18,"18",485,3341800,6890
"欣雅苑",17,"18",485,3330100,6866
"欣雅苑",16,"18",485,3318400,6842
"欣雅苑",15,"18",485,3306700,6818
"欣雅苑",14,"18",485,3295000,6794
"欣雅苑",13,"18",485,3283300,6770
"欣雅苑",12,"18",485,3271600,6746
"欣雅苑",11,"18",485,3259900,6721
"欣雅苑",10,"18",485,3233500,6667
"欣雅苑",9,"18",485,3218800,6637
"欣雅苑",8,"18",485,3204100,6606
"欣雅苑",7,"18",485,3183500,6564
"欣雅苑",6,"18",485,3162900,6521
"欣雅苑",5,"18",485,3142300,6479
"欣雅苑",4,"18",485,3095300,6382
"欣雅苑",50,"19",448,3247300,7248
"欣雅苑",49,"19",448,3274400,7309
"欣雅苑",48,"19",448,3269000,7297
"欣雅苑",47,"19",448,3263600,7285
"欣雅苑",46,"19",448,3258200,7273
"欣雅苑",45,"19",448,3252800,7261
"欣雅苑",44,"19",448,3247400,7249
"欣雅苑",43,"19",448,3242000,7237
"欣雅苑",42,"19",448,3236600,7225
"欣雅苑",41,"19",448,3231200,7213
"欣雅苑",40,"19",448,3225800,7200
"欣雅苑",39,"19",448,3220400,7188
"欣雅苑",38,"19",448,3215000,7176
"欣雅苑",37,"19",448,3209600,7164
"欣雅苑",36,"19",448,3204200,7152
"欣雅苑",35,"19",448,3198800,7140
"欣雅苑",34,"19",448,3193400,7128
"欣雅苑",33,"19",448,3188000,7116
"欣雅苑",32,"19",448,3182600,7104
"欣雅苑",31,"19",448,3177200,7092
"欣雅苑",30,"19",448,3171800,7080
"欣雅苑",29,"19",448,3163700,7062
"欣雅苑",28,"19",448,3155600,7044
"欣雅苑",27,"19",448,3147500,7026
"欣雅苑",26,"19",448,3139400,7008
"欣雅苑",24,"19",448,3123100,6971
"欣雅苑",23,"19",448,3115000,6953
"欣雅苑",22,"19",448,3106900,6935
"欣雅苑",21,"19",448,3098800,6917
"欣雅苑",20,"19",448,3090700,6899
"欣雅苑",19,"19",448,3079900,6875
"欣雅苑",18,"19",448,3069100,6851
"欣雅苑",17,"19",448,3058300,6827
"欣雅苑",16,"19",448,3047500,6802
"欣雅苑",15,"19",448,3036700,6778
"欣雅苑",14,"19",448,3025900,6754
"欣雅苑",13,"19",448,3015100,6730
"欣雅苑",12,"19",448,3004300,6706
"欣雅苑",11,"19",448,2993500,6682
"欣雅苑",10,"19",448,2969100,6627
"欣雅苑",9,"19",448,2955600,6597
"欣雅苑",8,"19",448,2942100,6567
"欣雅苑",7,"19",448,2923100,6525
"欣雅苑",6,"19",448,2904100,6482
"欣雅苑",5,"19",448,2885100,6440
"欣雅苑",4,"19",448,2841800,6343
"欣雅苑",50,"20",448,3266300,7291
"欣雅苑",49,"20",448,3293400,7351
"欣雅苑",48,"20",448,3288000,7339
"欣雅苑",47,"20",448,3282600,7327
"欣雅苑",46,"20",448,3277200,7315
"欣雅苑",45,"20",448,3271800,7303
"欣雅苑",44,"20",448,3266400,7291
"欣雅苑",43,"20",448,3261000,7279
"欣雅苑",42,"20",448,3255600,7267
"欣雅苑",41,"20",448,3250200,7255
"欣雅苑",40,"20",448,3244800,7243
"欣雅苑",39,"20",448,3239400,7231
"欣雅苑",38,"20",448,3234000,7219
"欣雅苑",37,"20",448,3228600,7207
"欣雅苑",36,"20",448,3223200,7195
"欣雅苑",35,"20",448,3217800,7183
"欣雅苑",34,"20",448,3212400,7171
"欣雅苑",33,"20",448,3207000,7158
"欣雅苑",32,"20",448,3201600,7146
"欣雅苑",31,"20",448,3196200,7134
"欣雅苑",30,"20",448,3190800,7122
"欣雅苑",29,"20",448,3182700,7104
"欣雅苑",28,"20",448,3174600,7086
"欣雅苑",27,"20",448,3166500,7068
"欣雅苑",26,"20",448,3158400,7050
"欣雅苑",24,"20",448,3142100,7014
"欣雅苑",23,"20",448,3134000,6996
"欣雅苑",22,"20",448,3125900,6977
"欣雅苑",21,"20",448,3117800,6959
"欣雅苑",20,"20",448,3109700,6941
"欣雅苑",19,"20",448,3098900,6917
"欣雅苑",18,"20",448,3088100,6893
"欣雅苑",17,"20",448,3077300,6869
"欣雅苑",16,"20",448,3066500,6845
"欣雅苑",15,"20",448,3055700,6821
"欣雅苑",14,"20",448,3044900,6797
"欣雅苑",13,"20",448,3034100,6773
"欣雅苑",12,"20",448,3023300,6748
"欣雅苑",11,"20",448,3012500,6724
"欣雅苑",10,"20",448,2988100,6670
"欣雅苑",9,"20",448,2974600,6640
"欣雅苑",8,"20",448,2961100,6610
"欣雅苑",7,"20",448,2942100,6567
"欣雅苑",6,"20",448,2923100,6525
"欣雅苑",5,"20",448,2904100,6482
"欣雅苑",4,"20",448,2858100,6380
"曉雅苑",37,"1",485,3374200,6957
"曉雅苑",36,"1",485,3418200,7048
"曉雅苑",35,"1",485,3412300,7036
"曉雅苑",34,"1",485,3406400,7024
"曉雅苑",33,"1",485,3400500,7011
"曉雅苑",32,"1",485,3394600,6999
"曉雅苑",31,"1",485,3388700,6987
"曉雅苑",30,"1",485,3382800,6975
"曉雅苑",29,"1",485,3374000,6957
"曉雅苑",28,"1",485,3365200,6939
"曉雅苑",27,"1",485,3356400,6920
"曉雅苑",26,"1",485,3347600,6902
"曉雅苑",25,"1",485,3338800,6884
"曉雅苑",24,"1",485,3330000,6866
"曉雅苑",23,"1",485,3321200,6848
"曉雅苑",22,"1",485,3312400,6830
"曉雅苑",21,"1",485,3303600,6812
"曉雅苑",20,"1",485,3294800,6793
"曉雅苑",19,"1",485,3283100,6769
"曉雅苑",18,"1",485,3271400,6745
"曉雅苑",17,"1",485,3259700,6721
"曉雅苑",16,"1",485,3248000,6697
"曉雅苑",15,"1",485,3236300,6673
"曉雅苑",14,"1",485,3224600,6649
"曉雅苑",13,"1",485,3212900,6625
"曉雅苑",12,"1",485,3201200,6600
"曉雅苑",11,"1",485,3189500,6576
"曉雅苑",10,"1",485,3174800,6546
"曉雅苑",9,"1",485,3160100,6516
"曉雅苑",8,"1",485,3145400,6485
"曉雅苑",7,"1",485,3130700,6455
"曉雅苑",6,"1",485,3116000,6425
"曉雅苑",5,"1",485,3080800,6352
"曉雅苑",37,"2",451,3156800,7000
"曉雅苑",36,"2",451,3184100,7060
"曉雅苑",35,"2",451,3178600,7048
"曉雅苑",34,"2",451,3173100,7036
"曉雅苑",33,"2",451,3167600,7024
"曉雅苑",32,"2",451,3162100,7011
"曉雅苑",31,"2",451,3156600,6999
"曉雅苑",30,"2",451,3151100,6987
"曉雅苑",29,"2",451,3142900,6969
"曉雅苑",28,"2",451,3134700,6951
"曉雅苑",27,"2",451,3126500,6932
"曉雅苑",26,"2",451,3118300,6914
"曉雅苑",25,"2",451,3110100,6896
"曉雅苑",24,"2",451,3101900,6878
"曉雅苑",23,"2",451,3093700,6860
"曉雅苑",22,"2",451,3085500,6841
"曉雅苑",21,"2",451,3077300,6823
"曉雅苑",20,"2",451,3069100,6805
"曉雅苑",19,"2",451,3058200,6781
"曉雅苑",18,"2",451,3047300,6757
"曉雅苑",17,"2",451,3036400,6733
"曉雅苑",16,"2",451,3025500,6708
"曉雅苑",15,"2",451,3014600,6684
"曉雅苑",14,"2",451,3003700,6660
"曉雅苑",13,"2",451,2992800,6636
"曉雅苑",12,"2",451,2981900,6612
"曉雅苑",11,"2",451,2971000,6588
"曉雅苑",10,"2",451,2957400,6557
"曉雅苑",9,"2",451,2943800,6527
"曉雅苑",8,"2",451,2930200,6497
"曉雅苑",7,"2",451,2916600,6467
"曉雅苑",6,"2",451,2903000,6437
"曉雅苑",5,"2",451,2870300,6364
"曉雅苑",37,"3",451,3189500,7072
"曉雅苑",36,"3",451,3214100,7127
"曉雅苑",35,"3",451,3205900,7108
"曉雅苑",34,"3",451,3197700,7090
"曉雅苑",33,"3",451,3189500,7072
"曉雅苑",32,"3",451,3184000,7060
"曉雅苑",31,"3",451,3178500,7048
"曉雅苑",30,"3",451,3173000,7035
"曉雅苑",29,"3",451,3164800,7017
"曉雅苑",28,"3",451,3156600,6999
"曉雅苑",27,"3",451,3148400,6981
"曉雅苑",26,"3",451,3140200,6963
"曉雅苑",25,"3",451,3132000,6945
"曉雅苑",24,"3",451,3123800,6926
"曉雅苑",23,"3",451,3115600,6908
"曉雅苑",22,"3",451,3107400,6890
"曉雅苑",21,"3",451,3099200,6872
"曉雅苑",20,"3",451,3091000,6854
"曉雅苑",19,"3",451,3080100,6829
"曉雅苑",18,"3",451,3069200,6805
"曉雅苑",17,"3",451,3058300,6781
"曉雅苑",16,"3",451,3047400,6757
"曉雅苑",15,"3",451,3036500,6733
"曉雅苑",14,"3",451,3025600,6709
"曉雅苑",13,"3",451,3014700,6684
"曉雅苑",12,"3",451,3003800,6660
"曉雅苑",11,"3",451,2992900,6636
"曉雅苑",10,"3",451,2968300,6582
"曉雅苑",9,"3",451,2954700,6551
"曉雅苑",8,"3",451,2941100,6521
"曉雅苑",7,"3",451,2922000,6479
"曉雅苑",6,"3",451,2908400,6449
"曉雅苑",5,"3",451,2875700,6376
"曉雅苑",37,"4",485,3432800,7078
"曉雅苑",36,"4",485,3459200,7132
"曉雅苑",35,"4",485,3450400,7114
"曉雅苑",34,"4",485,3441600,7096
"曉雅苑",33,"4",485,3432800,7078
"曉雅苑",32,"4",485,3426900,7066
"曉雅苑",31,"4",485,3421000,7054
"曉雅苑",30,"4",485,3415100,7041
"曉雅苑",29,"4",485,3406300,7023
"曉雅苑",28,"4",485,3397500,7005
"曉雅苑",27,"4",485,3388700,6987
"曉雅苑",26,"4",485,3379900,6969
"曉雅苑",25,"4",485,3371100,6951
"曉雅苑",24,"4",485,3362300,6933
"曉雅苑",23,"4",485,3353500,6914
"曉雅苑",22,"4",485,3344700,6896
"曉雅苑",21,"4",485,3335900,6878
"曉雅苑",20,"4",485,3327100,6860
"曉雅苑",19,"4",485,3315400,6836
"曉雅苑",18,"4",485,3303700,6812
"曉雅苑",17,"4",485,3292000,6788
"曉雅苑",16,"4",485,3280300,6764
"曉雅苑",15,"4",485,3268600,6739
"曉雅苑",14,"4",485,3256900,6715
"曉雅苑",13,"4",485,3245200,6691
"曉雅苑",12,"4",485,3233500,6667
"曉雅苑",11,"4",485,3221800,6643
"曉雅苑",10,"4",485,3195400,6588
"曉雅苑",9,"4",485,3180700,6558
"曉雅苑",8,"4",485,3166000,6528
"曉雅苑",7,"4",485,3145400,6485
"曉雅苑",6,"4",485,3130700,6455
"曉雅苑",5,"4",485,3095500,6382
"曉雅苑",37,"5",448,3195900,7134
"曉雅苑",36,"5",448,3220300,7188
"曉雅苑",35,"5",448,3212200,7170
"曉雅苑",34,"5",448,3204100,7152
"曉雅苑",33,"5",448,3196000,7134
"曉雅苑",32,"5",448,3190600,7122
"曉雅苑",31,"5",448,3185200,7110
"曉雅苑",30,"5",448,3179800,7098
"曉雅苑",29,"5",448,3171700,7080
"曉雅苑",28,"5",448,3163600,7062
"曉雅苑",27,"5",448,3155500,7044
"曉雅苑",26,"5",448,3147400,7025
"曉雅苑",25,"5",448,3139300,7007
"曉雅苑",24,"5",448,3131200,6989
"曉雅苑",23,"5",448,3123100,6971
"曉雅苑",22,"5",448,3115000,6953
"曉雅苑",21,"5",448,3106900,6935
"曉雅苑",20,"5",448,3098800,6917
"曉雅苑",19,"5",448,3088000,6893
"曉雅苑",18,"5",448,3077200,6869
"曉雅苑",17,"5",448,3066400,6845
"曉雅苑",16,"5",448,3055600,6821
"曉雅苑",15,"5",448,3044800,6796
"曉雅苑",14,"5",448,3034000,6772
"曉雅苑",13,"5",448,3023200,6748
"曉雅苑",12,"5",448,3012400,6724
"曉雅苑",11,"5",448,3001600,6700
"曉雅苑",10,"5",448,2966400,6621
"曉雅苑",9,"5",448,2952900,6591
"曉雅苑",8,"5",448,2939400,6561
"曉雅苑",7,"5",448,2915000,6507
"曉雅苑",6,"5",448,2901500,6477
"曉雅苑",5,"5",448,2869000,6404
"曉雅苑",37,"6",448,3204000,7152
"曉雅苑",36,"6",448,3228400,7206
"曉雅苑",35,"6",448,3220300,7188
"曉雅苑",34,"6",448,3212200,7170
"曉雅苑",33,"6",448,3204100,7152
"曉雅苑",32,"6",448,3198700,7140
"曉雅苑",31,"6",448,3193300,7128
"曉雅苑",30,"6",448,3187900,7116
"曉雅苑",29,"6",448,3179800,7098
"曉雅苑",28,"6",448,3171700,7080
"曉雅苑",27,"6",448,3163600,7062
"曉雅苑",26,"6",448,3155500,7044
"曉雅苑",25,"6",448,3147400,7025
"曉雅苑",24,"6",448,3139300,7007
"曉雅苑",23,"6",448,3131200,6989
"曉雅苑",22,"6",448,3123100,6971
"曉雅苑",21,"6",448,3115000,6953
"曉雅苑",20,"6",448,3106900,6935
"曉雅苑",19,"6",448,3096100,6911
"曉雅苑",18,"6",448,3085300,6887
"曉雅苑",17,"6",448,3074500,6863
"曉雅苑",16,"6",448,3063700,6839
"曉雅苑",15,"6",448,3052900,6815
"曉雅苑",14,"6",448,3042100,6790
"曉雅苑",13,"6",448,3031300,6766
"曉雅苑",12,"6",448,3020500,6742
"曉雅苑",11,"6",448,3009700,6718
"曉雅苑",10,"6",448,2974500,6640
"曉雅苑",9,"6",448,2961000,6609
"曉雅苑",8,"6",448,2947500,6579
"曉雅苑",7,"6",448,2923100,6525
"曉雅苑",6,"6",448,2909600,6495
"曉雅苑",5,"6",448,2877100,6422
"曉雅苑",37,"7",485,3500300,7217
"曉雅苑",36,"7",485,3526700,7272
"曉雅苑",35,"7",485,3517900,7253
"曉雅苑",34,"7",485,3509100,7235
"曉雅苑",33,"7",485,3500300,7217
"曉雅苑",32,"7",485,3494400,7205
"曉雅苑",31,"7",485,3488500,7193
"曉雅苑",30,"7",485,3482600,7181
"曉雅苑",29,"7",485,3473800,7162
"曉雅苑",28,"7",485,3465000,7144
"曉雅苑",27,"7",485,3456200,7126
"曉雅苑",26,"7",485,3447400,7108
"曉雅苑",25,"7",485,3438600,7090
"曉雅苑",24,"7",485,3429800,7072
"曉雅苑",23,"7",485,3421000,7054
"曉雅苑",22,"7",485,3412200,7035
"曉雅苑",21,"7",485,3403400,7017
"曉雅苑",20,"7",485,3394600,6999
"曉雅苑",19,"7",485,3382900,6975
"曉雅苑",18,"7",485,3371200,6951
"曉雅苑",17,"7",485,3359500,6927
"曉雅苑",16,"7",485,3347800,6903
"曉雅苑",15,"7",485,3336100,6879
"曉雅苑",14,"7",485,3324400,6854
"曉雅苑",13,"7",485,3312700,6830
"曉雅苑",12,"7",485,3301000,6806
"曉雅苑",11,"7",485,3289300,6782
"曉雅苑",10,"7",485,3251100,6703
"曉雅苑",9,"7",485,3236400,6673
"曉雅苑",8,"7",485,3221700,6643
"曉雅苑",7,"7",485,3195300,6588
"曉雅苑",6,"7",485,3180600,6558
"曉雅苑",5,"7",485,3145400,6485
"曉雅苑",37,"8",489,3518000,7194
"曉雅苑",36,"8",489,3544600,7249
"曉雅苑",35,"8",489,3535700,7230
"曉雅苑",34,"8",489,3526800,7212
"曉雅苑",33,"8",489,3517900,7194
"曉雅苑",32,"8",489,3512000,7182
"曉雅苑",31,"8",489,3506100,7170
"曉雅苑",30,"8",489,3500200,7158
"曉雅苑",29,"8",489,3491300,7140
"曉雅苑",28,"8",489,3482400,7121
"曉雅苑",27,"8",489,3473500,7103
"曉雅苑",26,"8",489,3464600,7085
"曉雅苑",25,"8",489,3455700,7067
"曉雅苑",24,"8",489,3446800,7049
"曉雅苑",23,"8",489,3437900,7030
"曉雅苑",22,"8",489,3429000,7012
"曉雅苑",21,"8",489,3420100,6994
"曉雅苑",20,"8",489,3411200,6976
"曉雅苑",19,"8",489,3399400,6952
"曉雅苑",18,"8",489,3387600,6928
"曉雅苑",17,"8",489,3375800,6903
"曉雅苑",16,"8",489,3364000,6879
"曉雅苑",15,"8",489,3352200,6855
"曉雅苑",14,"8",489,3340400,6831
"曉雅苑",13,"8",489,3328600,6807
"曉雅苑",12,"8",489,3316800,6783
"曉雅苑",11,"8",489,3305000,6759
"曉雅苑",10,"8",489,3266600,6680
"曉雅苑",9,"8",489,3251800,6650
"曉雅苑",8,"8",489,3237000,6620
"曉雅苑",7,"8",489,3210400,6565
"曉雅苑",6,"8",489,3195600,6535
"曉雅苑",5,"8",489,3160100,6462
"曉雅苑",37,"9",489,3417200,6988
"曉雅苑",36,"9",489,3446800,7049
"曉雅苑",35,"9",489,3440900,7037
"曉雅苑",34,"9",489,3435000,7025
"曉雅苑",33,"9",489,3429100,7012
"曉雅苑",32,"9",489,3423200,7000
"曉雅苑",31,"9",489,3417300,6988
"曉雅苑",30,"9",489,3411400,6976
"曉雅苑",29,"9",489,3402500,6958
"曉雅苑",28,"9",489,3393600,6940
"曉雅苑",27,"9",489,3384700,6922
"曉雅苑",26,"9",489,3372900,6898
"曉雅苑",25,"9",489,3361100,6873
"曉雅苑",24,"9",489,3349300,6849
"曉雅苑",23,"9",489,3337500,6825
"曉雅苑",22,"9",489,3325700,6801
"曉雅苑",21,"9",489,3313900,6777
"曉雅苑",20,"9",489,3302100,6753
"曉雅苑",19,"9",489,3287300,6722
"曉雅苑",18,"9",489,3272500,6692
"曉雅苑",17,"9",489,3257700,6662
"曉雅苑",16,"9",489,3242900,6632
"曉雅苑",15,"9",489,3228100,6601
"曉雅苑",14,"9",489,3213300,6571
"曉雅苑",13,"9",489,3201500,6547
"曉雅苑",12,"9",489,3189700,6523
"曉雅苑",11,"9",489,3177900,6499
"曉雅苑",10,"9",489,3145400,6432
"曉雅苑",9,"9",489,3130600,6402
"曉雅苑",8,"9",489,3115800,6372
"曉雅苑",7,"9",489,3092200,6324
"曉雅苑",6,"9",489,3077400,6293
"曉雅苑",5,"9",489,3036000,6209
"曉雅苑",37,"10",485,3403400,7017
"曉雅苑",36,"10",485,3432800,7078
"曉雅苑",35,"10",485,3426900,7066
"曉雅苑",34,"10",485,3421000,7054
"曉雅苑",33,"10",485,3415100,7041
"曉雅苑",32,"10",485,3409200,7029
"曉雅苑",31,"10",485,3403300,7017
"曉雅苑",30,"10",485,3397400,7005
"曉雅苑",29,"10",485,3388600,6987
"曉雅苑",28,"10",485,3379800,6969
"曉雅苑",27,"10",485,3371000,6951
"曉雅苑",26,"10",485,3359300,6926
"曉雅苑",25,"10",485,3347600,6902
"曉雅苑",24,"10",485,3335900,6878
"曉雅苑",23,"10",485,3324200,6854
"曉雅苑",22,"10",485,3312500,6830
"曉雅苑",21,"10",485,3300800,6806
"曉雅苑",20,"10",485,3289100,6782
"曉雅苑",19,"10",485,3274400,6751
"曉雅苑",18,"10",485,3259700,6721
"曉雅苑",17,"10",485,3245000,6691
"曉雅苑",16,"10",485,3230300,6660
"曉雅苑",15,"10",485,3215600,6630
"曉雅苑",14,"10",485,3200900,6600
"曉雅苑",13,"10",485,3189200,6576
"曉雅苑",12,"10",485,3177500,6552
"曉雅苑",11,"10",485,3165800,6527
"曉雅苑",10,"10",485,3133500,6461
"曉雅苑",9,"10",485,3118800,6431
"曉雅苑",8,"10",485,3104100,6400
"曉雅苑",7,"10",485,3080600,6352
"曉雅苑",6,"10",485,3065900,6321
"曉雅苑",5,"10",485,3024800,6237
"曉雅苑",37,"11",448,3117300,6958
"曉雅苑",36,"11",448,3144400,7019
"曉雅苑",35,"11",448,3139000,7007
"曉雅苑",34,"11",448,3133600,6995
"曉雅苑",33,"11",448,3128200,6983
"曉雅苑",32,"11",448,3122800,6971
"曉雅苑",31,"11",448,3117400,6958
"曉雅苑",30,"11",448,3112000,6946
"曉雅苑",29,"11",448,3103900,6928
"曉雅苑",28,"11",448,3095800,6910
"曉雅苑",27,"11",448,3087700,6892
"曉雅苑",26,"11",448,3076900,6868
"曉雅苑",25,"11",448,3066100,6844
"曉雅苑",24,"11",448,3055300,6820
"曉雅苑",23,"11",448,3044500,6796
"曉雅苑",22,"11",448,3033700,6772
"曉雅苑",21,"11",448,3022900,6748
"曉雅苑",20,"11",448,3012100,6723
"曉雅苑",19,"11",448,2998600,6693
"曉雅苑",18,"11",448,2985100,6663
"曉雅苑",17,"11",448,2971600,6633
"曉雅苑",16,"11",448,2958100,6603
"曉雅苑",15,"11",448,2944600,6573
"曉雅苑",14,"11",448,2931100,6543
"曉雅苑",13,"11",448,2920300,6519
"曉雅苑",12,"11",448,2909500,6494
"曉雅苑",11,"11",448,2898700,6470
"曉雅苑",10,"11",448,2868900,6404
"曉雅苑",9,"11",448,2855400,6374
"曉雅苑",8,"11",448,2841900,6344
"曉雅苑",7,"11",448,2820200,6295
"曉雅苑",6,"11",448,2806700,6265
"曉雅苑",5,"11",448,2768800,6180
"曉雅苑",37,"12",447,3115600,6970
"曉雅苑",36,"12",447,3142600,7030
"曉雅苑",35,"12",447,3137200,7018
"曉雅苑",34,"12",447,3131800,7006
"曉雅苑",33,"12",447,3126400,6994
"曉雅苑",32,"12",447,3121000,6982
"曉雅苑",31,"12",447,3115600,6970
"曉雅苑",30,"12",447,3110200,6958
"曉雅苑",29,"12",447,3102100,6940
"曉雅苑",28,"12",447,3094000,6922
"曉雅苑",27,"12",447,3085900,6904
"曉雅苑",26,"12",447,3075100,6879
"曉雅苑",25,"12",447,3064300,6855
"曉雅苑",24,"12",447,3053500,6831
"曉雅苑",23,"12",447,3042700,6807
"曉雅苑",22,"12",447,3031900,6783
"曉雅苑",21,"12",447,3021100,6759
"曉雅苑",20,"12",447,3010300,6734
"曉雅苑",19,"12",447,2996800,6704
"曉雅苑",18,"12",447,2983300,6674
"曉雅苑",17,"12",447,2969800,6644
"曉雅苑",16,"12",447,2956300,6614
"曉雅苑",15,"12",447,2942800,6583
"曉雅苑",14,"12",447,2929300,6553
"曉雅苑",13,"12",447,2918500,6529
"曉雅苑",12,"12",447,2907700,6505
"曉雅苑",11,"12",447,2896900,6481
"曉雅苑",10,"12",447,2867200,6414
"曉雅苑",9,"12",447,2853700,6384
"曉雅苑",8,"12",447,2840200,6354
"曉雅苑",7,"12",447,2818600,6306
"曉雅苑",6,"12",447,2805100,6275
"曉雅苑",5,"12",447,2767300,6191
"曉雅苑",37,"13",451,3088500,6848
"曉雅苑",36,"13",451,3115800,6909
"曉雅苑",35,"13",451,3110300,6896
"曉雅苑",34,"13",451,3104800,6884
"曉雅苑",33,"13",451,3099300,6872
"曉雅苑",32,"13",451,3093800,6860
"曉雅苑",31,"13",451,3088300,6848
"曉雅苑",30,"13",451,3082800,6835
"曉雅苑",29,"13",451,3074600,6817
"曉雅苑",28,"13",451,3066400,6799
"曉雅苑",27,"13",451,3058200,6781
"曉雅苑",26,"13",451,3047300,6757
"曉雅苑",25,"13",451,3036400,6733
"曉雅苑",24,"13",451,3025500,6708
"曉雅苑",23,"13",451,3014600,6684
"曉雅苑",22,"13",451,3003700,6660
"曉雅苑",21,"13",451,2992800,6636
"曉雅苑",20,"13",451,2981900,6612
"曉雅苑",19,"13",451,2968300,6582
"曉雅苑",18,"13",451,2954700,6551
"曉雅苑",17,"13",451,2941100,6521
"曉雅苑",16,"13",451,2927500,6491
"曉雅苑",15,"13",451,2913900,6461
"曉雅苑",14,"13",451,2900300,6431
"曉雅苑",13,"13",451,2889400,6407
"曉雅苑",12,"13",451,2878500,6382
"曉雅苑",11,"13",451,2867600,6358
"曉雅苑",10,"13",451,2837600,6292
"曉雅苑",9,"13",451,2824000,6262
"曉雅苑",8,"13",451,2810400,6231
"曉雅苑",7,"13",451,2788600,6183
"曉雅苑",6,"13",451,2775000,6153
"曉雅苑",5,"13",451,2747700,6092
"曉雅苑",37,"14",454,3085600,6796
"曉雅苑",36,"14",454,3140600,6918
"曉雅苑",35,"14",454,3135100,6906
"曉雅苑",34,"14",454,3129600,6893
"曉雅苑",33,"14",454,3124100,6881
"曉雅苑",32,"14",454,3118600,6869
"曉雅苑",31,"14",454,3113100,6857
"曉雅苑",30,"14",454,3107600,6845
"曉雅苑",29,"14",454,3099400,6827
"曉雅苑",28,"14",454,3091200,6809
"曉雅苑",27,"14",454,3083000,6791
"曉雅苑",26,"14",454,3072000,6767
"曉雅苑",25,"14",454,3061000,6742
"曉雅苑",24,"14",454,3050000,6718
"曉雅苑",23,"14",454,3039000,6694
"曉雅苑",22,"14",454,3028000,6670
"曉雅苑",21,"14",454,3017000,6645
"曉雅苑",20,"14",454,3006000,6621
"曉雅苑",19,"14",454,2992300,6591
"曉雅苑",18,"14",454,2978600,6561
"曉雅苑",17,"14",454,2964900,6531
"曉雅苑",16,"14",454,2951200,6500
"曉雅苑",15,"14",454,2937500,6470
"曉雅苑",14,"14",454,2923800,6440
"曉雅苑",13,"14",454,2912800,6416
"曉雅苑",12,"14",454,2901800,6392
"曉雅苑",11,"14",454,2890800,6367
"曉雅苑",10,"14",454,2860600,6301
"曉雅苑",9,"14",454,2846900,6271
"曉雅苑",8,"14",454,2833200,6241
"曉雅苑",7,"14",454,2811200,6192
"曉雅苑",6,"14",454,2797500,6162
"曉雅苑",5,"14",454,2770000,6101
"曉雅苑",37,"15",485,3377000,6963
"曉雅苑",36,"15",485,3406400,7024
"曉雅苑",35,"15",485,3400500,7011
"曉雅苑",34,"15",485,3394600,6999
"曉雅苑",33,"15",485,3388700,6987
"曉雅苑",32,"15",485,3382800,6975
"曉雅苑",31,"15",485,3376900,6963
"曉雅苑",30,"15",485,3371000,6951
"曉雅苑",29,"15",485,3362200,6932
"曉雅苑",28,"15",485,3353400,6914
"曉雅苑",27,"15",485,3344600,6896
"曉雅苑",26,"15",485,3332900,6872
"曉雅苑",25,"15",485,3321200,6848
"曉雅苑",24,"15",485,3309500,6824
"曉雅苑",23,"15",485,3297800,6800
"曉雅苑",22,"15",485,3286100,6775
"曉雅苑",21,"15",485,3274400,6751
"曉雅苑",20,"15",485,3262700,6727
"曉雅苑",19,"15",485,3248000,6697
"曉雅苑",18,"15",485,3233300,6667
"曉雅苑",17,"15",485,3218600,6636
"曉雅苑",16,"15",485,3203900,6606
"曉雅苑",15,"15",485,3189200,6576
"曉雅苑",14,"15",485,3174500,6545
"曉雅苑",13,"15",485,3162800,6521
"曉雅苑",12,"15",485,3151100,6497
"曉雅苑",11,"15",485,3139400,6473
"曉雅苑",10,"15",485,3107100,6406
"曉雅苑",9,"15",485,3092400,6376
"曉雅苑",8,"15",485,3077700,6346
"曉雅苑",7,"15",485,3054200,6297
"曉雅苑",6,"15",485,3039500,6267
"曉雅苑",5,"15",485,2998400,6182
"曉雅苑",37,"16",489,3390600,6934
"曉雅苑",36,"16",489,3420200,6994
"曉雅苑",35,"16",489,3414300,6982
"曉雅苑",34,"16",489,3408400,6970
"曉雅苑",33,"16",489,3402500,6958
"曉雅苑",32,"16",489,3396600,6946
"曉雅苑",31,"16",489,3390700,6934
"曉雅苑",30,"16",489,3384800,6922
"曉雅苑",29,"16",489,3375900,6904
"曉雅苑",28,"16",489,3367000,6885
"曉雅苑",27,"16",489,3358100,6867
"曉雅苑",26,"16",489,3346300,6843
"曉雅苑",25,"16",489,3334500,6819
"曉雅苑",24,"16",489,3322700,6795
"曉雅苑",23,"16",489,3310900,6771
"曉雅苑",22,"16",489,3299100,6747
"曉雅苑",21,"16",489,3287300,6722
"曉雅苑",20,"16",489,3275500,6698
"曉雅苑",19,"16",489,3260700,6668
"曉雅苑",18,"16",489,3245900,6638
"曉雅苑",17,"16",489,3231100,6608
"曉雅苑",16,"16",489,3216300,6577
"曉雅苑",15,"16",489,3201500,6547
"曉雅苑",14,"16",489,3186700,6517
"曉雅苑",13,"16",489,3174900,6493
"曉雅苑",12,"16",489,3163100,6469
"曉雅苑",11,"16",489,3151300,6444
"曉雅苑",10,"16",489,3118800,6378
"曉雅苑",9,"16",489,3104000,6348
"曉雅苑",8,"16",489,3089200,6317
"曉雅苑",7,"16",489,3065600,6269
"曉雅苑",6,"16",489,3050800,6239
"曉雅苑",5,"16",489,3009400,6154
"曉雅苑",37,"17",489,3550500,7261
"曉雅苑",36,"17",489,3577100,7315
"曉雅苑",35,"17",489,3568200,7297
"曉雅苑",34,"17",489,3559300,7279
"曉雅苑",33,"17",489,3550400,7261
"曉雅苑",32,"17",489,3544500,7248
"曉雅苑",31,"17",489,3538600,7236
"曉雅苑",30,"17",489,3532700,7224
"曉雅苑",29,"17",489,3523800,7206
"曉雅苑",28,"17",489,3514900,7188
"曉雅苑",27,"17",489,3506000,7170
"曉雅苑",26,"17",489,3497100,7152
"曉雅苑",25,"17",489,3488200,7133
"曉雅苑",24,"17",489,3479300,7115
"曉雅苑",23,"17",489,3470400,7097
"曉雅苑",22,"17",489,3461500,7079
"曉雅苑",21,"17",489,3452600,7061
"曉雅苑",20,"17",489,3443700,7042
"曉雅苑",19,"17",489,3431900,7018
"曉雅苑",18,"17",489,3420100,6994
"曉雅苑",17,"17",489,3408300,6970
"曉雅苑",16,"17",489,3396500,6946
"曉雅苑",15,"17",489,3384700,6922
"曉雅苑",14,"17",489,3372900,6898
"曉雅苑",13,"17",489,3361100,6873
"曉雅苑",12,"17",489,3349300,6849
"曉雅苑",11,"17",489,3337500,6825
"曉雅苑",10,"17",489,3310900,6771
"曉雅苑",9,"17",489,3296100,6740
"曉雅苑",8,"17",489,3281300,6710
"曉雅苑",7,"17",489,3260600,6668
"曉雅苑",6,"17",489,3245800,6638
"曉雅苑",5,"17",489,3210300,6565
"曉雅苑",37,"18",485,3523800,7266
"曉雅苑",36,"18",485,3550200,7320
"曉雅苑",35,"18",485,3541400,7302
"曉雅苑",34,"18",485,3532600,7284
"曉雅苑",33,"18",485,3523800,7266
"曉雅苑",32,"18",485,3517900,7253
"曉雅苑",31,"18",485,3512000,7241
"曉雅苑",30,"18",485,3506100,7229
"曉雅苑",29,"18",485,3497300,7211
"曉雅苑",28,"18",485,3488500,7193
"曉雅苑",27,"18",485,3479700,7175
"曉雅苑",26,"18",485,3470900,7156
"曉雅苑",25,"18",485,3462100,7138
"曉雅苑",24,"18",485,3453300,7120
"曉雅苑",23,"18",485,3444500,7102
"曉雅苑",22,"18",485,3435700,7084
"曉雅苑",21,"18",485,3426900,7066
"曉雅苑",20,"18",485,3418100,7048
"曉雅苑",19,"18",485,3406400,7024
"曉雅苑",18,"18",485,3394700,6999
"曉雅苑",17,"18",485,3383000,6975
"曉雅苑",16,"18",485,3371300,6951
"曉雅苑",15,"18",485,3359600,6927
"曉雅苑",14,"18",485,3347900,6903
"曉雅苑",13,"18",485,3336200,6879
"曉雅苑",12,"18",485,3324500,6855
"曉雅苑",11,"18",485,3312800,6831
"曉雅苑",10,"18",485,3286400,6776
"曉雅苑",9,"18",485,3271700,6746
"曉雅苑",8,"18",485,3257000,6715
"曉雅苑",7,"18",485,3236400,6673
"曉雅苑",6,"18",485,3221700,6643
"曉雅苑",5,"18",485,3174700,6546
"曉雅苑",37,"19",454,3222800,7099
"曉雅苑",36,"19",454,3247500,7153
"曉雅苑",35,"19",454,3239300,7135
"曉雅苑",34,"19",454,3231100,7117
"曉雅苑",33,"19",454,3222900,7099
"曉雅苑",32,"19",454,3217400,7087
"曉雅苑",31,"19",454,3211900,7075
"曉雅苑",30,"19",454,3206400,7063
"曉雅苑",29,"19",454,3198200,7044
"曉雅苑",28,"19",454,3190000,7026
"曉雅苑",27,"19",454,3181800,7008
"曉雅苑",26,"19",454,3173600,6990
"曉雅苑",25,"19",454,3165400,6972
"曉雅苑",24,"19",454,3157200,6954
"曉雅苑",23,"19",454,3149000,6936
"曉雅苑",22,"19",454,3140800,6918
"曉雅苑",21,"19",454,3132600,6900
"曉雅苑",20,"19",454,3124400,6882
"曉雅苑",19,"19",454,3113400,6858
"曉雅苑",18,"19",454,3102400,6833
"曉雅苑",17,"19",454,3091400,6809
"曉雅苑",16,"19",454,3080400,6785
"曉雅苑",15,"19",454,3069400,6761
"曉雅苑",14,"19",454,3058400,6737
"曉雅苑",13,"19",454,3047400,6712
"曉雅苑",12,"19",454,3036400,6688
"曉雅苑",11,"19",454,3025400,6664
"曉雅苑",10,"19",454,3000700,6609
"曉雅苑",9,"19",454,2987000,6579
"曉雅苑",8,"19",454,2973300,6549
"曉雅苑",7,"19",454,2954100,6507
"曉雅苑",6,"19",454,2940400,6477
"曉雅苑",5,"19",454,2896400,6380
